timestamp,angle_min,angle_max,range_min,range_max,ranges
1741365208585816601,-3.1241390705108643,3.1415927410125732,0.15000000596046448,12.0,[0.347 0.347 0.347 ... 0.347 0.347 0.347]
1741365208681372928,-3.1241390705108643,3.1415927410125732,0.15000000596046448,12.0,[0.347 0.347 0.347 ... 0.347 0.347 0.347]
1741365208816708948,-3.1241390705108643,3.1415927410125732,0.15000000596046448,12.0,[0.347 0.347 0.347 ... 0.347 0.347 0.347]
1741365208951510954,-3.1241390705108643,3.1415927410125732,0.15000000596046448,12.0,[0.347 0.347 0.347 ... 0.347 0.347 0.347]
1741365209087300304,-3.1241390705108643,3.1415927410125732,0.15000000596046448,12.0,[0.347 0.347 0.347 ... 0.347 0.347 0.347]
1741365209222087828,-3.1241390705108643,3.1415927410125732,0.15000000596046448,12.0,[0.347 0.347 0.347 ... 0.347 0.347 0.347]
1741365209357563069,-3.1241390705108643,3.1415927410125732,0.15000000596046448,12.0,[0.347 0.347 0.346 ... 0.347 0.347 0.347]
1741365209492653499,-3.1241390705108643,3.1415927410125732,0.15000000596046448,12.0,[0.347 0.346 0.346 ... 0.347 0.347 0.347]
1741365209627744002,-3.1241390705108643,3.1415927410125732,0.15000000596046448,12.0,[0.347 0.347 0.347 ... 0.347 0.347 0.347]
1741365209763298539,-3.1241390705108643,3.1415927410125732,0.15000000596046448,12.0,[0.347 0.347 0.346 ... 0.347 0.347 0.347]
1741365209899781699,-3.1241390705108643,3.1415927410125732,0.15000000596046448,12.0,[0.347 0.347 0.346 ... 0.347 0.347 0.347]
1741365210037464721,-3.1241390705108643,3.1415927410125732,0.15000000596046448,12.0,[0.347 0.347 0.346 ... 0.347 0.347 0.347]
1741365210168577142,-3.1241390705108643,3.1415927410125732,0.15000000596046448,12.0,[0.347 0.347 0.346 ... 0.347 0.347 0.347]
1741365210305084839,-3.1241390705108643,3.1415927410125732,0.15000000596046448,12.0,[0.347 0.346 0.346 ... 0.347 0.347 0.347]
1741365210437734749,-3.1241390705108643,3.1415927410125732,0.15000000596046448,12.0,[0.347 0.347 0.347 ... 0.347 0.347 0.347]
1741365210573200342,-3.1241390705108643,3.1415927410125732,0.15000000596046448,12.0,[0.347 0.347 0.346 ... 0.347 0.347 0.347]
1741365210708137828,-3.1241390705108643,3.1415927410125732,0.15000000596046448,12.0,[0.347 0.347 0.346 ... 0.347 0.347 0.347]
1741365210843970919,-3.1241390705108643,3.1415927410125732,0.15000000596046448,12.0,[0.347 0.347 0.347 ... 0.347 0.347 0.347]
1741365210978329372,-3.1241390705108643,3.1415927410125732,0.15000000596046448,12.0,[0.347 0.347 0.347 ... 0.346 0.347 0.347]
1741365211113296672,-3.1241390705108643,3.1415927410125732,0.15000000596046448,12.0,[0.347 0.347 0.347 ... 0.346 0.347 0.347]
1741365211249056893,-3.1241390705108643,3.1415927410125732,0.15000000596046448,12.0,[0.347 0.347 0.347 ... 0.347 0.347 0.347]
1741365211384166100,-3.1241390705108643,3.1415927410125732,0.15000000596046448,12.0,[0.347 0.347 0.346 ... 0.347 0.347 0.347]
1741365211519252585,-3.1241390705108643,3.1415927410125732,0.15000000596046448,12.0,[0.347 0.347 0.347 ... 0.347 0.347 0.347]
1741365211654354329,-3.1241390705108643,3.1415927410125732,0.15000000596046448,12.0,[0.347 0.347 0.346 ... 0.347 0.347 0.347]
1741365211777479308,-3.1241390705108643,3.1415927410125732,0.15000000596046448,12.0,[0.347 0.347 0.347 ... 0.347 0.347 0.347]
1741365211912290221,-3.1241390705108643,3.1415927410125732,0.15000000596046448,12.0,[0.347 0.347 0.347 ... 0.347 0.347 0.347]
1741365212046788155,-3.1241390705108643,3.1415927410125732,0.15000000596046448,12.0,[0.347 0.347 0.346 ... 0.347 0.347 0.347]
1741365212181849121,-3.1241390705108643,3.1415927410125732,0.15000000596046448,12.0,[0.347 0.347 0.347 ... 0.347 0.347 0.347]
1741365212317029865,-3.1241390705108643,3.1415927410125732,0.15000000596046448,12.0,[0.347 0.347 0.347 ... 0.347 0.347 0.347]
1741365212452413811,-3.1241390705108643,3.1415927410125732,0.15000000596046448,12.0,[0.347 0.347 0.346 ... 0.347 0.347 0.347]
1741365212587161242,-3.1241390705108643,3.1415927410125732,0.15000000596046448,12.0,[0.347 0.347 0.347 ... 0.347 0.347 0.347]
1741365212722496985,-3.1241390705108643,3.1415927410125732,0.15000000596046448,12.0,[0.347 0.347 0.347 ... 0.347 0.347 0.347]
1741365212858466223,-3.1241390705108643,3.1415927410125732,0.15000000596046448,12.0,[0.347 0.347 0.347 ... 0.347 0.347 0.347]
1741365212994421275,-3.1241390705108643,3.1415927410125732,0.15000000596046448,12.0,[0.347 0.346 0.346 ... 0.347 0.347 0.347]
1741365213127480608,-3.1241390705108643,3.1415927410125732,0.15000000596046448,12.0,[0.347 0.347 0.347 ... 0.347 0.347 0.347]
1741365213262581112,-3.1241390705108643,3.1415927410125732,0.15000000596046448,12.0,[0.347 0.347 0.346 ... 0.347 0.347 0.347]
1741365213397851225,-3.1241390705108643,3.1415927410125732,0.15000000596046448,12.0,[0.347 0.347 0.346 ... 0.347 0.347 0.347]
1741365213520463281,-3.1241390705108643,3.1415927410125732,0.15000000596046448,12.0,[0.347 0.347 0.346 ... 0.347 0.347 0.347]
1741365213655838857,-3.1241390705108643,3.1415927410125732,0.15000000596046448,12.0,[0.347 0.347 0.347 ... 0.346 0.347 0.347]
1741365213792676718,-3.1241390705108643,3.1415927410125732,0.15000000596046448,12.0,[0.347 0.347 0.346 ... 0.347 0.347 0.347]
1741365213926707655,-3.1241390705108643,3.1415927410125732,0.15000000596046448,12.0,[0.347 0.347 0.347 ... 0.347 0.347 0.347]
1741365214060832906,-3.1241390705108643,3.1415927410125732,0.15000000596046448,12.0,[0.347 0.347 0.347 ... 0.347 0.347 0.347]
1741365214196659238,-3.1241390705108643,3.1415927410125732,0.15000000596046448,12.0,[0.347 0.347 0.347 ... 0.347 0.347 0.347]
1741365214331598761,-3.1241390705108643,3.1415927410125732,0.15000000596046448,12.0,[0.347 0.347 0.347 ... 0.347 0.347 0.347]
1741365214466496358,-3.1241390705108643,3.1415927410125732,0.15000000596046448,12.0,[0.347 0.347 0.347 ... 0.347 0.347 0.347]
1741365214601442937,-3.1241390705108643,3.1415927410125732,0.15000000596046448,12.0,[0.347 0.347 0.346 ... 0.347 0.347 0.347]
1741365214737006140,-3.1241390705108643,3.1415927410125732,0.15000000596046448,12.0,[0.347 0.347 0.347 ... 0.347 0.347 0.347]
1741365214872018681,-3.1241390705108643,3.1415927410125732,0.15000000596046448,12.0,[0.347 0.347 0.347 ... 0.346 0.347 0.347]
1741365215007176666,-3.1241390705108643,3.1415927410125732,0.15000000596046448,12.0,[0.347 0.347 0.347 ... 0.347 0.347 0.347]
1741365215142200633,-3.1241390705108643,3.1415927410125732,0.15000000596046448,12.0,[0.347 0.347 0.347 ... 0.347 0.347 0.347]
1741365215277011119,-3.1241390705108643,3.1415927410125732,0.15000000596046448,12.0,[0.347 0.347 0.346 ... 0.347 0.347 0.347]
1741365215411986772,-3.1241390705108643,3.1415927410125732,0.15000000596046448,12.0,[0.347 0.347 0.346 ... 0.347 0.347 0.347]
1741365215535646025,-3.1241390705108643,3.1415927410125732,0.15000000596046448,12.0,[0.349 0.348 0.347 ... 0.348 0.348 0.348]
1741365215670003589,-3.1241390705108643,3.1415927410125732,0.15000000596046448,12.0,[0.366 0.366 0.366 ... 0.367 0.366 0.366]
1741365215805830402,-3.1241390705108643,3.1415927410125732,0.15000000596046448,12.0,[0.401 0.401 0.401 ... 0.402 0.402 0.402]
1741365215940215818,-3.1241390705108643,3.1415927410125732,0.15000000596046448,12.0,[0.453 0.452 0.452 ... 0.453 0.453 0.453]
1741365216075661078,-3.1241390705108643,3.1415927410125732,0.15000000596046448,12.0,[0.509 0.509 0.51  ... 0.509 0.51  0.509]
1741365216222506218,-3.1241390705108643,3.1415927410125732,0.15000000596046448,12.0,[0.546 0.546 0.546 ... 0.546 0.546 0.546]
1741365216357936590,-3.1241390705108643,3.1415927410125732,0.15000000596046448,12.0,[0.566 0.566 0.566 ... 0.566 0.566 0.566]
1741365216493818476,-3.1241390705108643,3.1415927410125732,0.15000000596046448,12.0,[0.568 0.568 0.57  ... 0.57  0.57  0.57 ]
1741365216615942907,-3.1241390705108643,3.1415927410125732,0.15000000596046448,12.0,[0.568 0.568 0.57  ... 0.57  0.568 0.568]
1741365216752082477,-3.1241390705108643,3.1415927410125732,0.15000000596046448,12.0,[0.568 0.57  0.57  ... 0.57  0.57  0.568]
1741365216886399412,-3.1241390705108643,3.1415927410125732,0.15000000596046448,12.0,[0.582 0.582 0.584 ... 0.58  0.58  0.582]
1741365217021359490,-3.1241390705108643,3.1415927410125732,0.15000000596046448,12.0,[0.608 0.608 0.608 ... 0.602 0.604 0.604]
1741365217156912342,-3.1241390705108643,3.1415927410125732,0.15000000596046448,12.0,[0.644 0.644 0.646 ... 0.638 0.64  0.642]
1741365217291307999,-3.1241390705108643,3.1415927410125732,0.15000000596046448,12.0,[0.652 0.656 0.658 ... 0.646 0.648 0.65 ]
1741365217426332929,-3.1241390705108643,3.1415927410125732,0.15000000596046448,12.0,[0.652 0.656 0.66  ... 0.646 0.648 0.65 ]
1741365217561266396,-3.1241390705108643,3.1415927410125732,0.15000000596046448,12.0,[0.652 0.654 0.658 ... 0.648 0.648 0.65 ]
1741365217696617342,-3.1241390705108643,3.1415927410125732,0.15000000596046448,12.0,[0.668 0.67  0.672 ... 0.664 0.666 0.666]
1741365217831892381,-3.1241390705108643,3.1415927410125732,0.15000000596046448,12.0,[0.702 0.704 0.704 ... 0.696 0.698 0.7  ]
1741365217967445159,-3.1241390705108643,3.1415927410125732,0.15000000596046448,12.0,[0.748 0.752 0.754 ... 0.742 0.744 0.746]
1741365218102061425,-3.1241390705108643,3.1415927410125732,0.15000000596046448,12.0,[0.81  0.812 0.814 ... 0.802 0.804 0.808]
1741365218237254780,-3.1241390705108643,3.1415927410125732,0.15000000596046448,12.0,[0.852 0.854 0.856 ... 0.844 0.846 0.85 ]
1741365218372057544,-3.1241390705108643,3.1415927410125732,0.15000000596046448,12.0,[0.876 0.88  0.882 ... 0.868 0.87  0.874]
1741365218495440355,-3.1241390705108643,3.1415927410125732,0.15000000596046448,12.0,[0.884 0.888 0.89  ... 0.876 0.878 0.88 ]
1741365218630288156,-3.1241390705108643,3.1415927410125732,0.15000000596046448,12.0,[0.884 0.888 0.89  ... 0.876 0.878 0.882]
1741365218767354460,-3.1241390705108643,3.1415927410125732,0.15000000596046448,12.0,[0.884 0.888 0.89  ... 0.876 0.878 0.88 ]
1741365218900784698,-3.1241390705108643,3.1415927410125732,0.15000000596046448,12.0,[0.884 0.888 0.89  ... 0.876 0.878 0.88 ]
1741365219035310928,-3.1241390705108643,3.1415927410125732,0.15000000596046448,12.0,[0.886 0.888 0.89  ... 0.876 0.878 0.882]
1741365219170947983,-3.1241390705108643,3.1415927410125732,0.15000000596046448,12.0,[0.906 0.91  0.91  ... 0.896 0.9   0.904]
1741365219306538390,-3.1241390705108643,3.1415927410125732,0.15000000596046448,12.0,[0.94  0.944 0.946 ... 0.932 0.934 0.938]
1741365219440397365,-3.1241390705108643,3.1415927410125732,0.15000000596046448,12.0,[0.992 0.994 0.998 ... 0.98  0.982 0.988]
1741365219575460572,-3.1241390705108643,3.1415927410125732,0.15000000596046448,12.0,[1.05  1.052 1.054 ... 1.04  1.042 1.046]
1741365219710848000,-3.1241390705108643,3.1415927410125732,0.15000000596046448,12.0,[1.086 1.09  1.092 ... 1.076 1.08  1.082]
1741365219846144020,-3.1241390705108643,3.1415927410125732,0.15000000596046448,12.0,[1.108 1.112 1.116 ... 1.098 1.104 1.106]
1741365219982039555,-3.1241390705108643,3.1415927410125732,0.15000000596046448,12.0,[1.112 1.118 1.122 ... 1.104 1.106 1.108]
1741365220116760487,-3.1241390705108643,3.1415927410125732,0.15000000596046448,12.0,[1.112 1.118 1.118 ... 1.104 1.106 1.108]
1741365220251367382,-3.1241390705108643,3.1415927410125732,0.15000000596046448,12.0,[1.074 1.078 1.08  ... 1.068 1.072 1.072]
1741365220386454923,-3.1241390705108643,3.1415927410125732,0.15000000596046448,12.0,[1.014 1.016 1.018 ... 1.006 1.008 1.012]
1741365220522384513,-3.1241390705108643,3.1415927410125732,0.15000000596046448,12.0,[0.982 0.982 0.984 ... 0.978 0.98  0.98 ]
1741365220656818873,-3.1241390705108643,3.1415927410125732,0.15000000596046448,12.0,[0.968 0.966 0.972 ... 0.968 0.97  0.97 ]
1741365220780726513,-3.1241390705108643,3.1415927410125732,0.15000000596046448,12.0,[0.968 0.968 0.968 ... 0.968 0.968 0.968]
1741365220914991078,-3.1241390705108643,3.1415927410125732,0.15000000596046448,12.0,[0.968 0.968 0.968 ... 0.97  0.968 0.968]
1741365221049526715,-3.1241390705108643,3.1415927410125732,0.15000000596046448,12.0,[0.968 0.968 0.968 ... 0.968 0.968 0.968]
1741365221185416379,-3.1241390705108643,3.1415927410125732,0.15000000596046448,12.0,[0.968 0.968 0.968 ... 0.97  0.968 0.968]
1741365221320006497,-3.1241390705108643,3.1415927410125732,0.15000000596046448,12.0,[0.98  0.98  0.98  ... 0.978 0.98  0.98 ]
1741365221455913884,-3.1241390705108643,3.1415927410125732,0.15000000596046448,12.0,[1.01  1.006 1.006 ... 1.008 1.008 1.008]
1741365221589819303,-3.1241390705108643,3.1415927410125732,0.15000000596046448,12.0,[1.056 1.056 1.052 ... 1.052 1.054 1.054]
1741365221725505284,-3.1241390705108643,3.1415927410125732,0.15000000596046448,12.0,[1.11  1.11  1.108 ... 1.11  1.108 1.11 ]
1741365221859963199,-3.1241390705108643,3.1415927410125732,0.15000000596046448,12.0,[1.156 1.156 1.158 ... 1.154 1.154 1.154]
1741365221995003999,-3.1241390705108643,3.1415927410125732,0.15000000596046448,12.0,[1.182 1.182 1.174 ... 1.184 1.184 1.184]
1741365222117930091,-3.1241390705108643,3.1415927410125732,0.15000000596046448,12.0,[1.196 1.194 1.194 ... 1.196 1.196 1.196]
1741365222254016365,-3.1241390705108643,3.1415927410125732,0.15000000596046448,12.0,[1.196 1.194 1.192 ... 1.194 1.194 1.194]
1741365222388395169,-3.1241390705108643,3.1415927410125732,0.15000000596046448,12.0,[1.194 1.194 1.192 ... 1.196 1.196 1.196]
1741365222523904170,-3.1241390705108643,3.1415927410125732,0.15000000596046448,12.0,[1.194 1.194 1.194 ... 1.194 1.194 1.194]
1741365222658678861,-3.1241390705108643,3.1415927410125732,0.15000000596046448,12.0,[1.194 1.194 1.196 ... 1.194 1.194 1.194]
1741365222793864512,-3.1241390705108643,3.1415927410125732,0.15000000596046448,12.0,[1.196 1.194 1.196 ... 1.194 1.194 1.196]
1741365222928998848,-3.1241390705108643,3.1415927410125732,0.15000000596046448,12.0,[1.22  1.224 1.226 ... 1.216 1.218 1.218]
1741365223051849125,-3.1241390705108643,3.1415927410125732,0.15000000596046448,12.0,[1.268 1.268 1.272 ... 1.262 1.264 1.266]
1741365223187100535,-3.1241390705108643,3.1415927410125732,0.15000000596046448,12.0,[1.346 1.352 1.356 ... 1.332 1.334 1.34 ]
1741365223334335487,-3.1241390705108643,3.1415927410125732,0.15000000596046448,12.0,[1.38  1.384 1.388 ... 1.364 1.37  1.376]
1741365223457203302,-3.1241390705108643,3.1415927410125732,0.15000000596046448,12.0,[1.384 1.388 1.396 ... 1.376 1.38  1.38 ]
1741365223593043503,-3.1241390705108643,3.1415927410125732,0.15000000596046448,12.0,[1.418 1.424 1.43  ... 1.404 1.41  1.414]
1741365223727945452,-3.1241390705108643,3.1415927410125732,0.15000000596046448,12.0,[1.468 1.47  1.476 ... 1.45  1.454 1.462]
1741365223862416646,-3.1241390705108643,3.1415927410125732,0.15000000596046448,12.0,[1.526 1.532 1.532 ... 1.512 1.514 1.52 ]
1741365223997324391,-3.1241390705108643,3.1415927410125732,0.15000000596046448,12.0,[1.574 1.578 1.584 ... 1.556 1.562 1.57 ]
1741365224132140785,-3.1241390705108643,3.1415927410125732,0.15000000596046448,12.0,[1.604 1.608 1.614 ... 1.584 1.588 1.596]
1741365224268598983,-3.1241390705108643,3.1415927410125732,0.15000000596046448,12.0,[1.614 1.618 1.622 ... 1.598 1.604 1.61 ]
1741365224403045213,-3.1241390705108643,3.1415927410125732,0.15000000596046448,12.0,[1.614 1.616 1.618 ... 1.596 1.604 1.61 ]
1741365224537817496,-3.1241390705108643,3.1415927410125732,0.15000000596046448,12.0,[1.618 1.622 1.508 ... 1.604 1.608 1.612]
1741365224672641816,-3.1241390705108643,3.1415927410125732,0.15000000596046448,12.0,[1.638 1.644 1.644 ... 1.62  1.624 1.632]
1741365224808088780,-3.1241390705108643,3.1415927410125732,0.15000000596046448,12.0,[1.668 1.678 1.662 ... 1.654 1.658 1.662]
1741365224943414726,-3.1241390705108643,3.1415927410125732,0.15000000596046448,12.0,[1.728 1.712 1.614 ... 1.708 1.714 1.722]
1741365225078706747,-3.1241390705108643,3.1415927410125732,0.15000000596046448,12.0,[1.786 1.674 1.674 ... 1.766 1.774 1.78 ]
1741365225213983156,-3.1241390705108643,3.1415927410125732,0.15000000596046448,12.0,[1.824 1.718 1.71  ... 1.804 1.81  1.816]
1741365225348712070,-3.1241390705108643,3.1415927410125732,0.15000000596046448,12.0,[1.842 1.734 1.734 ... 1.83  1.836 1.84 ]
1741365225485428858,-3.1241390705108643,3.1415927410125732,0.15000000596046448,12.0,[1.846 1.822 1.768 ... 1.824 1.832 1.84 ]
1741365225619094520,-3.1241390705108643,3.1415927410125732,0.15000000596046448,12.0,[1.84  1.734 1.734 ... 1.832 1.84  1.846]
1741365225753431917,-3.1241390705108643,3.1415927410125732,0.15000000596046448,12.0,[1.788 1.794 1.798 ... 1.768 1.776 1.782]
1741365225888465514,-3.1241390705108643,3.1415927410125732,0.15000000596046448,12.0,[1.674 1.676 1.678 ... 1.662 1.666 1.672]
1741365226023465277,-3.1241390705108643,3.1415927410125732,0.15000000596046448,12.0,[1.624 1.624 1.626 ... 1.616 1.626 1.624]
1741365226146652330,-3.1241390705108643,3.1415927410125732,0.15000000596046448,12.0,[2.916 2.884 2.724 ... 2.92  2.912 2.912]
1741365226281438391,-3.1241390705108643,3.1415927410125732,0.15000000596046448,12.0,[2.912 2.912 2.912 ... 2.9   2.896 2.912]
1741365226416668264,-3.1241390705108643,3.1415927410125732,0.15000000596046448,12.0,[2.912 2.912 2.912 ... 2.912 2.912 2.912]
1741365226553025702,-3.1241390705108643,3.1415927410125732,0.15000000596046448,12.0,[2.944 2.944 2.944 ... 2.932 2.932 2.944]
1741365226687341452,-3.1241390705108643,3.1415927410125732,0.15000000596046448,12.0,[2.988 2.992 2.992 ... 2.964 2.972 2.992]
1741365226822298790,-3.1241390705108643,3.1415927410125732,0.15000000596046448,12.0,[2.96  2.964 2.96  ... 2.96  2.964 2.96 ]
1741365226958663302,-3.1241390705108643,3.1415927410125732,0.15000000596046448,12.0,[3.012 3.016 3.024 ... 3.008 3.004 3.004]
1741365227092721091,-3.1241390705108643,3.1415927410125732,0.15000000596046448,12.0,[3.06  3.064 3.068 ... 3.052 3.056 3.06 ]
1741365227227771928,-3.1241390705108643,3.1415927410125732,0.15000000596046448,12.0,[3.08  3.08  3.088 ... 3.052 3.068 3.072]
1741365227362889968,-3.1241390705108643,3.1415927410125732,0.15000000596046448,12.0,[3.064 3.068 3.068 ... 3.072 3.064 3.064]
1741365227497964176,-3.1241390705108643,3.1415927410125732,0.15000000596046448,12.0,[3.076 3.088 3.092 ... 3.076 3.076 3.072]
1741365227620708120,-3.1241390705108643,3.1415927410125732,0.15000000596046448,12.0,[3.112 3.116 3.128 ... 3.104 3.108 3.108]
1741365227756016215,-3.1241390705108643,3.1415927410125732,0.15000000596046448,12.0,[3.172 3.18  3.188 ... 3.156 3.164 3.168]
1741365227890951108,-3.1241390705108643,3.1415927410125732,0.15000000596046448,12.0,[3.24  3.252 3.12  ... 3.236 3.236 3.236]
1741365228026846254,-3.1241390705108643,3.1415927410125732,0.15000000596046448,12.0,[3.272 3.292 3.156 ... 3.264 3.264 3.264]
1741365228161383187,-3.1241390705108643,3.1415927410125732,0.15000000596046448,12.0,[3.316 3.32  3.156 ... 3.304   inf   inf]
1741365228295797973,-3.1241390705108643,3.1415927410125732,0.15000000596046448,12.0,[3.316 3.324 3.156 ... 2.684 3.304   inf]
1741365228430925847,-3.1241390705108643,3.1415927410125732,0.15000000596046448,12.0,[3.32  3.288 3.22  ... 2.676 3.308   inf]
1741365228566582550,-3.1241390705108643,3.1415927410125732,0.15000000596046448,12.0,[3.048 3.048 3.048 ... 2.036 2.036 2.036]
1741365228701617424,-3.1241390705108643,3.1415927410125732,0.15000000596046448,12.0,[3.228 3.244 3.236 ... 3.172 3.192 3.192]
1741365228836709705,-3.1241390705108643,3.1415927410125732,0.15000000596046448,12.0,[3.288 3.56  3.56  ... 3.548   inf   inf]
1741365228972791738,-3.1241390705108643,3.1415927410125732,0.15000000596046448,12.0,[2.076 2.072 2.064 ... 2.08  2.08    inf]
1741365229107080470,-3.1241390705108643,3.1415927410125732,0.15000000596046448,12.0,[2.064 2.068 2.092 ... 2.056 2.06  2.06 ]
1741365229241866716,-3.1241390705108643,3.1415927410125732,0.15000000596046448,12.0,[2.064   inf 2.432 ... 2.056 2.056 2.056]
1741365229377416346,-3.1241390705108643,3.1415927410125732,0.15000000596046448,12.0,[2.068 2.1   2.808 ... 2.068 2.064 2.064]
1741365229512418998,-3.1241390705108643,3.1415927410125732,0.15000000596046448,12.0,[  inf 2.848 2.848 ... 2.096 2.092 2.096]
1741365229648278033,-3.1241390705108643,3.1415927410125732,0.15000000596046448,12.0,[2.144 2.176 2.492 ... 2.144 2.144 2.144]
1741365229770075725,-3.1241390705108643,3.1415927410125732,0.15000000596046448,12.0,[  inf 2.564 2.564 ... 2.2   2.204 2.236]
1741365229905482227,-3.1241390705108643,3.1415927410125732,0.15000000596046448,12.0,[2.264 2.288 2.628 ... 2.24  2.236 2.244]
1741365230040094974,-3.1241390705108643,3.1415927410125732,0.15000000596046448,12.0,[2.284 2.292 2.656 ... 2.272 2.272 2.276]
1741365230174996460,-3.1241390705108643,3.1415927410125732,0.15000000596046448,12.0,[2.3   2.34  2.656 ... 2.28  2.288 2.288]
1741365230310103723,-3.1241390705108643,3.1415927410125732,0.15000000596046448,12.0,[  inf   inf 2.672 ... 2.292 2.288 2.292]
1741365230445389706,-3.1241390705108643,3.1415927410125732,0.15000000596046448,12.0,[2.368 2.368 2.7   ... 2.324 2.328 2.344]
1741365230580672653,-3.1241390705108643,3.1415927410125732,0.15000000596046448,12.0,[2.408 2.764 2.764 ... 2.384 2.384 2.388]
1741365230715757805,-3.1241390705108643,3.1415927410125732,0.15000000596046448,12.0,[3.196 3.196 3.168 ... 2.452 2.456 2.476]
1741365230851603210,-3.1241390705108643,3.1415927410125732,0.15000000596046448,12.0,[3.264 3.264 3.264 ... 2.488 2.504 2.532]
1741365230986273957,-3.1241390705108643,3.1415927410125732,0.15000000596046448,12.0,[3.3   3.256 3.256 ... 2.524 2.524 2.536]
1741365231121179073,-3.1241390705108643,3.1415927410125732,0.15000000596046448,12.0,[2.572 3.296 3.296 ... 2.548 2.552 2.552]
1741365231256535278,-3.1241390705108643,3.1415927410125732,0.15000000596046448,12.0,[3.296 3.296 3.296 ... 2.544 2.548 2.572]
1741365231391551671,-3.1241390705108643,3.1415927410125732,0.15000000596046448,12.0,[2.548 2.552 2.576 ... 2.536 2.544 2.548]
1741365231526796710,-3.1241390705108643,3.1415927410125732,0.15000000596046448,12.0,[4.136 4.136 4.136 ... 4.096 3.448 3.448]
1741365231662626097,-3.1241390705108643,3.1415927410125732,0.15000000596046448,12.0,[3.824 3.9   3.9   ... 3.668 3.704 3.772]
1741365231796970902,-3.1241390705108643,3.1415927410125732,0.15000000596046448,12.0,[3.48  2.472 2.472 ... 3.612 3.56  3.524]
1741365231919821476,-3.1241390705108643,3.1415927410125732,0.15000000596046448,12.0,[3.016 3.012 3.012 ... 3.02  3.024 3.024]
1741365232054537982,-3.1241390705108643,3.1415927410125732,0.15000000596046448,12.0,[3.012 3.736 3.736 ... 3.016 3.02  3.016]
1741365232189525819,-3.1241390705108643,3.1415927410125732,0.15000000596046448,12.0,[3.016 3.736 3.736 ... 3.016 3.02  3.02 ]
1741365232324347862,-3.1241390705108643,3.1415927410125732,0.15000000596046448,12.0,[3.048 3.776 3.776 ... 3.04  3.056 3.048]
1741365232459343273,-3.1241390705108643,3.1415927410125732,0.15000000596046448,12.0,[3.088 3.82  3.82  ... 3.096 3.1   3.092]
1741365232594842403,-3.1241390705108643,3.1415927410125732,0.15000000596046448,12.0,[3.156 3.188 3.236 ... 3.208 3.188 3.156]
1741365232729935111,-3.1241390705108643,3.1415927410125732,0.15000000596046448,12.0,[3.192 3.236 3.28  ... 3.272 3.232 3.196]
1741365232864875004,-3.1241390705108643,3.1415927410125732,0.15000000596046448,12.0,[3.224 3.252 3.304 ... 3.288 3.196 3.196]
1741365233000250765,-3.1241390705108643,3.1415927410125732,0.15000000596046448,12.0,[3.252 3.252 3.3   ... 3.308 3.348 3.236]
1741365233135577507,-3.1241390705108643,3.1415927410125732,0.15000000596046448,12.0,[3.244 3.284 3.324 ... 3.308 3.288 3.252]
1741365233270588233,-3.1241390705108643,3.1415927410125732,0.15000000596046448,12.0,[3.28  3.32  3.36  ... 3.332 3.308 3.284]
1741365233394320856,-3.1241390705108643,3.1415927410125732,0.15000000596046448,12.0,[3.32  3.36  3.36  ... 3.352 3.344 3.312]
1741365233528175850,-3.1241390705108643,3.1415927410125732,0.15000000596046448,12.0,[3.356 4.068 4.068 ... 3.352 3.36  3.356]
1741365233677417584,-3.1241390705108643,3.1415927410125732,0.15000000596046448,12.0,[3.4   4.144 4.136 ... 3.408 3.404 3.404]
1741365233811032283,-3.1241390705108643,3.1415927410125732,0.15000000596046448,12.0,[4.184   inf 4.192 ... 3.476 3.472 3.472]
1741365233945738067,-3.1241390705108643,3.1415927410125732,0.15000000596046448,12.0,[4.192 4.192 4.192 ... 3.48  3.484 3.488]
1741365234069198433,-3.1241390705108643,3.1415927410125732,0.15000000596046448,12.0,[4.192   inf 4.2   ... 3.492 3.488 3.472]
1741365234205033283,-3.1241390705108643,3.1415927410125732,0.15000000596046448,12.0,[4.2   4.2   4.2   ... 3.488 3.488 3.488]
1741365234339207274,-3.1241390705108643,3.1415927410125732,0.15000000596046448,12.0,[4.2   4.2   4.2   ... 3.5   3.492 3.48 ]
1741365234474154464,-3.1241390705108643,3.1415927410125732,0.15000000596046448,12.0,[4.208 4.208 4.208 ... 3.492 3.492 3.488]
1741365234608642934,-3.1241390705108643,3.1415927410125732,0.15000000596046448,12.0,[3.536 4.208 4.208 ... 3.492 3.492   inf]
1741365234743905696,-3.1241390705108643,3.1415927410125732,0.15000000596046448,12.0,[4.2   4.2   4.2   ... 3.504 3.492 3.484]
1741365234879488696,-3.1241390705108643,3.1415927410125732,0.15000000596046448,12.0,[3.52  4.208 4.208 ... 3.492 3.492   inf]
1741365235014363571,-3.1241390705108643,3.1415927410125732,0.15000000596046448,12.0,[4.208 4.208 4.208 ... 3.496 3.496 3.504]
1741365235137243181,-3.1241390705108643,3.1415927410125732,0.15000000596046448,12.0,[4.208 4.208 4.208 ... 3.496 3.496 3.504]
1741365235272584424,-3.1241390705108643,3.1415927410125732,0.15000000596046448,12.0,[4.2   4.2   4.208 ... 3.504 3.492 3.488]
1741365235408255164,-3.1241390705108643,3.1415927410125732,0.15000000596046448,12.0,[4.208 4.208 4.208 ... 3.504 3.492 3.488]
1741365235542550173,-3.1241390705108643,3.1415927410125732,0.15000000596046448,12.0,[4.024 4.    2.928 ... 4.216 4.136 4.052]
1741365235677673491,-3.1241390705108643,3.1415927410125732,0.15000000596046448,12.0,[3.024 3.028 3.028 ... 3.012 3.012 3.016]
1741365235813051529,-3.1241390705108643,3.1415927410125732,0.15000000596046448,12.0,[  inf 3.    3.    ... 3.148 3.152 3.152]
1741365235948269087,-3.1241390705108643,3.1415927410125732,0.15000000596046448,12.0,[3.552 3.52  3.488 ... 3.36  3.34    inf]
1741365236083379517,-3.1241390705108643,3.1415927410125732,0.15000000596046448,12.0,[3.312 3.284 3.252 ... 3.404 3.376 3.344]
1741365236218322595,-3.1241390705108643,3.1415927410125732,0.15000000596046448,12.0,[3.348 3.32  3.292 ... 3.452 3.408 3.376]
1741365236353757615,-3.1241390705108643,3.1415927410125732,0.15000000596046448,12.0,[3.328 3.288 3.272 ... 3.444 3.404 3.368]
1741365236488101197,-3.1241390705108643,3.1415927410125732,0.15000000596046448,12.0,[3.32  3.292 3.26  ... 3.408 3.376 3.348]
1741365236622998739,-3.1241390705108643,3.1415927410125732,0.15000000596046448,12.0,[3.328 3.292 3.272 ... 3.424 3.4   3.364]
1741365236746109515,-3.1241390705108643,3.1415927410125732,0.15000000596046448,12.0,[3.332 3.308 3.288 ... 3.444 3.4   3.368]
1741365236881016390,-3.1241390705108643,3.1415927410125732,0.15000000596046448,12.0,[3.336 3.3   3.276 ... 3.444 3.4   3.368]
1741365237016010653,-3.1241390705108643,3.1415927410125732,0.15000000596046448,12.0,[3.336 3.3   3.276 ... 3.44  3.4   3.368]
1741365237151968465,-3.1241390705108643,3.1415927410125732,0.15000000596046448,12.0,[3.336 3.3   3.276 ... 3.44  3.4   3.368]
1741365237286130086,-3.1241390705108643,3.1415927410125732,0.15000000596046448,12.0,[3.336 3.304 3.276 ... 3.44  3.4   3.368]
1741365237422696616,-3.1241390705108643,3.1415927410125732,0.15000000596046448,12.0,[3.38  3.352 3.324 ... 3.496 3.456 3.412]
1741365237557271790,-3.1241390705108643,3.1415927410125732,0.15000000596046448,12.0,[3.448 3.396 3.368 ... 3.544 3.52  3.492]
1741365237691980741,-3.1241390705108643,3.1415927410125732,0.15000000596046448,12.0,[3.476 3.444 3.42  ... 3.564 3.532 3.508]
1741365237827575314,-3.1241390705108643,3.1415927410125732,0.15000000596046448,12.0,[3.536 3.504 3.472 ... 3.64  3.6   3.568]
1741365237962636318,-3.1241390705108643,3.1415927410125732,0.15000000596046448,12.0,[3.54  3.516 3.488 ... 3.648 3.604 3.568]
1741365238097630822,-3.1241390705108643,3.1415927410125732,0.15000000596046448,12.0,[3.552 3.516 3.488 ... 3.66  3.62  3.588]
1741365238232971713,-3.1241390705108643,3.1415927410125732,0.15000000596046448,12.0,[3.548 3.52  3.488 ... 3.66  3.636 3.592]
1741365238355781972,-3.1241390705108643,3.1415927410125732,0.15000000596046448,12.0,[3.584 3.552 3.52  ... 3.68  3.64  3.612]
1741365238490761902,-3.1241390705108643,3.1415927410125732,0.15000000596046448,12.0,[3.584 3.552 3.52  ... 3.704 3.664 3.612]
1741365238625632888,-3.1241390705108643,3.1415927410125732,0.15000000596046448,12.0,[3.604 3.568 3.536 ... 3.704 3.68  3.64 ]
1741365238760761928,-3.1241390705108643,3.1415927410125732,0.15000000596046448,12.0,[3.648 3.612 3.58  ... 3.748 3.716 3.684]
1741365238897059571,-3.1241390705108643,3.1415927410125732,0.15000000596046448,12.0,[3.708 3.676 3.644 ... 3.804 3.776 3.74 ]
1741365239030638437,-3.1241390705108643,3.1415927410125732,0.15000000596046448,12.0,[3.728 3.684 3.664 ... 3.844 3.792 3.76 ]
1741365239165984902,-3.1241390705108643,3.1415927410125732,0.15000000596046448,12.0,[3.72  3.688 3.66  ... 3.824 3.78  3.752]
1741365239300468336,-3.1241390705108643,3.1415927410125732,0.15000000596046448,12.0,[3.72  3.72  3.68  ... 3.824 3.784 3.752]
1741365239436412203,-3.1241390705108643,3.1415927410125732,0.15000000596046448,12.0,[3.756 3.724 3.684 ... 3.824 3.784 3.784]
1741365239571450281,-3.1241390705108643,3.1415927410125732,0.15000000596046448,12.0,[3.788 3.788 3.8   ... 3.428 3.428 3.412]
1741365239706334934,-3.1241390705108643,3.1415927410125732,0.15000000596046448,12.0,[3.524 3.532 3.544 ... 3.508 3.516 3.516]
1741365239841608992,-3.1241390705108643,3.1415927410125732,0.15000000596046448,12.0,[3.412 3.42  3.42  ... 3.396 3.408 3.408]
1741365239976441034,-3.1241390705108643,3.1415927410125732,0.15000000596046448,12.0,[3.888 3.888 3.888 ... 3.884 3.88  3.888]
1741365240099576457,-3.1241390705108643,3.1415927410125732,0.15000000596046448,12.0,[3.888 3.888 3.888 ... 3.884 3.888 3.888]
1741365240234783053,-3.1241390705108643,3.1415927410125732,0.15000000596046448,12.0,[3.892 3.896 3.896 ... 3.892 3.892 3.892]
1741365240369729983,-3.1241390705108643,3.1415927410125732,0.15000000596046448,12.0,[3.892 3.896 3.9   ... 3.892 3.892 3.892]
1741365240505690906,-3.1241390705108643,3.1415927410125732,0.15000000596046448,12.0,[3.888 3.888 3.888 ... 3.896 3.888 3.888]
1741365240639888305,-3.1241390705108643,3.1415927410125732,0.15000000596046448,12.0,[3.888 3.888 3.888 ... 3.892 3.892 3.892]
1741365240775076752,-3.1241390705108643,3.1415927410125732,0.15000000596046448,12.0,[3.892 3.896 3.896 ... 3.892 3.892 3.892]
1741365240910731955,-3.1241390705108643,3.1415927410125732,0.15000000596046448,12.0,[3.888 3.892 3.896 ... 3.888 3.888 3.892]
1741365241044845114,-3.1241390705108643,3.1415927410125732,0.15000000596046448,12.0,[3.888 3.892 3.892 ... 3.892 3.892 3.892]
1741365241180354244,-3.1241390705108643,3.1415927410125732,0.15000000596046448,12.0,[4.112 4.112 4.12  ... 4.056 4.072 4.092]
1741365241303186817,-3.1241390705108643,3.1415927410125732,0.15000000596046448,12.0,[4.688 4.688 4.6   ... 4.688 4.688 4.688]
1741365241437905323,-3.1241390705108643,3.1415927410125732,0.15000000596046448,12.0,[4.584 4.576 4.576 ... 4.528 4.528 4.552]
1741365241572618552,-3.1241390705108643,3.1415927410125732,0.15000000596046448,12.0,[4.768 4.72  4.72  ... 4.76  4.776 4.776]
1741365241707793499,-3.1241390705108643,3.1415927410125732,0.15000000596046448,12.0,[4.08  4.088 4.092 ... 4.072 4.076 4.084]
1741365241842836632,-3.1241390705108643,3.1415927410125732,0.15000000596046448,12.0,[4.092 4.092 4.096 ... 4.104 4.104 4.088]
1741365241978282781,-3.1241390705108643,3.1415927410125732,0.15000000596046448,12.0,[4.12 4.12 4.12 ... 4.12 4.12 4.12]
1741365242113398711,-3.1241390705108643,3.1415927410125732,0.15000000596046448,12.0,[4.128 4.112 4.104 ... 4.104 4.104 4.12 ]
1741365242248544436,-3.1241390705108643,3.1415927410125732,0.15000000596046448,12.0,[4.128 4.12  4.128 ... 4.112 4.112 4.12 ]
1741365242383958696,-3.1241390705108643,3.1415927410125732,0.15000000596046448,12.0,[4.144 4.152 4.152 ... 4.144 4.16  4.144]
1741365242518914701,-3.1241390705108643,3.1415927410125732,0.15000000596046448,12.0,[4.2   4.208 4.208 ... 4.208 4.2   4.2  ]
1741365242653951593,-3.1241390705108643,3.1415927410125732,0.15000000596046448,12.0,[4.352 4.352 4.36  ... 4.328 4.336 4.344]
1741365242789188447,-3.1241390705108643,3.1415927410125732,0.15000000596046448,12.0,[4.376 4.392 4.4   ... 4.36  4.36  4.368]
1741365242926243788,-3.1241390705108643,3.1415927410125732,0.15000000596046448,12.0,[4.392 4.408 4.416 ... 4.384 4.384 4.376]
1741365243046581232,-3.1241390705108643,3.1415927410125732,0.15000000596046448,12.0,[4.4   4.4   4.408 ... 4.432 4.408 4.416]
1741365243182579692,-3.1241390705108643,3.1415927410125732,0.15000000596046448,12.0,[4.424 4.416 4.416 ... 4.424 4.408 4.416]
1741365243317381105,-3.1241390705108643,3.1415927410125732,0.15000000596046448,12.0,[4.408 4.416 4.416 ... 4.408 4.416 4.416]
1741365243452155925,-3.1241390705108643,3.1415927410125732,0.15000000596046448,12.0,[4.416 4.416 4.424 ... 4.416 4.416 4.416]
1741365243586988282,-3.1241390705108643,3.1415927410125732,0.15000000596046448,12.0,[4.416 4.416 4.416 ... 4.408 4.408 4.408]
1741365243721982305,-3.1241390705108643,3.1415927410125732,0.15000000596046448,12.0,[4.416 4.416 4.416 ... 4.408 4.408 4.408]
1741365243857854821,-3.1241390705108643,3.1415927410125732,0.15000000596046448,12.0,[4.416 4.416 4.416 ... 1.71    inf   inf]
1741365243992493347,-3.1241390705108643,3.1415927410125732,0.15000000596046448,12.0,[1.526 1.526 1.52  ... 1.532 1.528 1.528]
1741365244127993217,-3.1241390705108643,3.1415927410125732,0.15000000596046448,12.0,[  inf 2.176 2.176 ... 3.532 3.532 3.528]
1741365244263037795,-3.1241390705108643,3.1415927410125732,0.15000000596046448,12.0,[1.922 1.948 1.964 ... 1.862 1.88  1.9  ]
1741365244399033514,-3.1241390705108643,3.1415927410125732,0.15000000596046448,12.0,[1.766 1.766 1.766 ... 1.088 1.102 1.122]
1741365244533302042,-3.1241390705108643,3.1415927410125732,0.15000000596046448,12.0,[1.774 1.774 1.774 ... 1.092 1.106 1.128]
1741365244668462508,-3.1241390705108643,3.1415927410125732,0.15000000596046448,12.0,[1.772 1.772 1.772 ... 1.106 1.13  1.13 ]
1741365244791159620,-3.1241390705108643,3.1415927410125732,0.15000000596046448,12.0,[1.794 1.794 1.808 ... 1.128 1.148   inf]
1741365244926995729,-3.1241390705108643,3.1415927410125732,0.15000000596046448,12.0,[1.832 1.832 1.842 ... 1.16  1.178   inf]
1741365245061293386,-3.1241390705108643,3.1415927410125732,0.15000000596046448,12.0,[1.886 1.89  1.89  ... 1.222   inf   inf]
1741365245198108840,-3.1241390705108643,3.1415927410125732,0.15000000596046448,12.0,[1.948 1.948 1.966 ... 1.28  1.304 1.304]
1741365245331511356,-3.1241390705108643,3.1415927410125732,0.15000000596046448,12.0,[1.982 1.982 2.    ... 1.31  1.334   inf]
1741365245466808506,-3.1241390705108643,3.1415927410125732,0.15000000596046448,12.0,[1.992 2.002 2.002 ... 1.324 1.348   inf]
1741365245601859935,-3.1241390705108643,3.1415927410125732,0.15000000596046448,12.0,[  inf 3.312 3.312 ... 1.334 1.354 1.378]
1741365245738446224,-3.1241390705108643,3.1415927410125732,0.15000000596046448,12.0,[3.272 3.272 3.272 ... 1.382 1.408 1.408]
1741365245871460594,-3.1241390705108643,3.1415927410125732,0.15000000596046448,12.0,[2.108 2.128 2.128 ... 1.434 1.46  1.46 ]
1741365246006516783,-3.1241390705108643,3.1415927410125732,0.15000000596046448,12.0,[2.184 2.184 3.536 ... 1.516 2.16  2.16 ]
1741365246141516269,-3.1241390705108643,3.1415927410125732,0.15000000596046448,12.0,[3.412 3.412 3.472 ... 1.574   inf   inf]
1741365246277270045,-3.1241390705108643,3.1415927410125732,0.15000000596046448,12.0,[3.412 3.46  3.516 ...   inf   inf   inf]
1741365246412406474,-3.1241390705108643,3.1415927410125732,0.15000000596046448,12.0,[3.516 3.516 3.56  ... 1.62  3.46  3.46 ]
1741365246547659180,-3.1241390705108643,3.1415927410125732,0.15000000596046448,12.0,[3.456 3.508 3.536 ...   inf   inf   inf]
1741365246682559241,-3.1241390705108643,3.1415927410125732,0.15000000596046448,12.0,[3.508 3.508 3.54  ... 3.452 3.452 3.452]
1741365246818035926,-3.1241390705108643,3.1415927410125732,0.15000000596046448,12.0,[3.472 3.52  3.56  ... 3.42  3.42  3.42 ]
1741365246940627446,-3.1241390705108643,3.1415927410125732,0.15000000596046448,12.0,[3.492 3.536 3.536 ... 3.424 3.424 3.424]
1741365247075810097,-3.1241390705108643,3.1415927410125732,0.15000000596046448,12.0,[3.428 3.492 3.536 ...   inf   inf   inf]
1741365247210703306,-3.1241390705108643,3.1415927410125732,0.15000000596046448,12.0,[3.452 3.508 3.54  ...   inf   inf   inf]
1741365247346395768,-3.1241390705108643,3.1415927410125732,0.15000000596046448,12.0,[3.468 3.516 3.56  ... 3.42  3.42    inf]
1741365247481070311,-3.1241390705108643,3.1415927410125732,0.15000000596046448,12.0,[3.472 3.52  3.56  ... 3.42  3.42  3.42 ]
1741365247616921216,-3.1241390705108643,3.1415927410125732,0.15000000596046448,12.0,[3.432 3.496 3.54  ...   inf   inf   inf]
1741365247751077634,-3.1241390705108643,3.1415927410125732,0.15000000596046448,12.0,[3.428 3.496 3.54  ...   inf   inf   inf]
1741365247885822751,-3.1241390705108643,3.1415927410125732,0.15000000596046448,12.0,[3.464 3.512 3.54  ... 1.64    inf   inf]
1741365248020748237,-3.1241390705108643,3.1415927410125732,0.15000000596046448,12.0,[3.524 3.544 3.588 ... 1.684   inf   inf]
1741365248155861703,-3.1241390705108643,3.1415927410125732,0.15000000596046448,12.0,[3.608 3.608 3.672 ... 3.556 3.556 3.556]
1741365248291405778,-3.1241390705108643,3.1415927410125732,0.15000000596046448,12.0,[3.7   3.744 3.788 ... 3.648 3.648 3.648]
1741365248413976520,-3.1241390705108643,3.1415927410125732,0.15000000596046448,12.0,[3.716 3.756 3.792 ...   inf   inf   inf]
1741365248549649186,-3.1241390705108643,3.1415927410125732,0.15000000596046448,12.0,[3.716 3.756 3.796 ...   inf   inf   inf]
1741365248684946299,-3.1241390705108643,3.1415927410125732,0.15000000596046448,12.0,[3.76  3.8   3.852 ... 3.712 3.712 3.712]
1741365248819749971,-3.1241390705108643,3.1415927410125732,0.15000000596046448,12.0,[3.712 3.76  3.808 ... 3.652 3.652   inf]
1741365248954707160,-3.1241390705108643,3.1415927410125732,0.15000000596046448,12.0,[3.716 3.76  3.816 ...   inf   inf   inf]
1741365249090219846,-3.1241390705108643,3.1415927410125732,0.15000000596046448,12.0,[3.768 3.816 3.88  ... 3.716 3.716 3.716]
1741365249225201980,-3.1241390705108643,3.1415927410125732,0.15000000596046448,12.0,[3.836 3.904 3.964 ... 3.78  3.78  3.78 ]
1741365249360412242,-3.1241390705108643,3.1415927410125732,0.15000000596046448,12.0,[3.86  3.924 3.968 ... 3.796 3.796 3.796]
1741365249495949853,-3.1241390705108643,3.1415927410125732,0.15000000596046448,12.0,[3.96  3.996 4.02  ... 3.9   3.9   3.9  ]
1741365249630829358,-3.1241390705108643,3.1415927410125732,0.15000000596046448,12.0,[3.964 4.    4.02  ... 3.916 3.916 3.916]
1741365249765034831,-3.1241390705108643,3.1415927410125732,0.15000000596046448,12.0,[3.968 4.    4.024 ... 3.924 3.924 3.924]
1741365249900387480,-3.1241390705108643,3.1415927410125732,0.15000000596046448,12.0,[3.956 3.992 4.032 ... 3.896 3.896   inf]
1741365250036149812,-3.1241390705108643,3.1415927410125732,0.15000000596046448,12.0,[3.984 4.024 2.904 ... 3.896 3.896 3.956]
1741365250170258175,-3.1241390705108643,3.1415927410125732,0.15000000596046448,12.0,[3.96  3.992 4.036 ... 3.9   3.9   3.9  ]
1741365250293152748,-3.1241390705108643,3.1415927410125732,0.15000000596046448,12.0,[4.04  4.096 2.956 ... 3.948 3.948 3.996]
1741365250428160289,-3.1241390705108643,3.1415927410125732,0.15000000596046448,12.0,[4.128 4.128 4.2   ... 4.016 4.016 4.064]
1741365250563176515,-3.1241390705108643,3.1415927410125732,0.15000000596046448,12.0,[2.936 2.972 3.004 ... 2.888 2.908 2.908]
1741365250698325092,-3.1241390705108643,3.1415927410125732,0.15000000596046448,12.0,[4.232 4.288 3.124 ... 4.096 4.16  4.16 ]
1741365250833754315,-3.1241390705108643,3.1415927410125732,0.15000000596046448,12.0,[4.24  3.132 3.132 ... 4.136 4.136 4.208]
1741365250969027984,-3.1241390705108643,3.1415927410125732,0.15000000596046448,12.0,[4.224 4.28    inf ... 4.072 4.072 4.144]
1741365251104268783,-3.1241390705108643,3.1415927410125732,0.15000000596046448,12.0,[4.216 4.256 3.148 ... 4.076 4.144 4.144]
1741365251239291879,-3.1241390705108643,3.1415927410125732,0.15000000596046448,12.0,[3.144 4.616 4.616 ... 4.208 4.248   inf]
1741365251375566392,-3.1241390705108643,3.1415927410125732,0.15000000596046448,12.0,[2.708 2.688 2.676 ... 2.784 2.748 2.748]
1741365251509341850,-3.1241390705108643,3.1415927410125732,0.15000000596046448,12.0,[3.924 3.924 3.7   ... 3.436 3.436   inf]
1741365251632813123,-3.1241390705108643,3.1415927410125732,0.15000000596046448,12.0,[6.16  6.16  6.16  ... 5.424 6.2     inf]
1741365251779661319,-3.1241390705108643,3.1415927410125732,0.15000000596046448,12.0,[4.864 4.872 4.888 ... 4.848 4.856 4.864]
1741365251902431152,-3.1241390705108643,3.1415927410125732,0.15000000596046448,12.0,[4.864 4.872 4.872 ... 4.856 4.856 4.864]
1741365252037596099,-3.1241390705108643,3.1415927410125732,0.15000000596046448,12.0,[4.88  4.88  4.888 ... 4.864 4.864   inf]
1741365252173992852,-3.1241390705108643,3.1415927410125732,0.15000000596046448,12.0,[4.944 4.936 4.936 ... 5.832 5.864 5.864]
1741365252307707199,-3.1241390705108643,3.1415927410125732,0.15000000596046448,12.0,[5.928 6.    6.064 ... 5.872 5.872 5.904]
1741365252442504742,-3.1241390705108643,3.1415927410125732,0.15000000596046448,12.0,[6.072 6.136 6.208 ... 6.032 6.032 6.032]
1741365252577535986,-3.1241390705108643,3.1415927410125732,0.15000000596046448,12.0,[6.144 6.2   6.24  ... 6.    6.    6.064]
1741365252712799563,-3.1241390705108643,3.1415927410125732,0.15000000596046448,12.0,[6.184 6.184 6.24  ... 6.08  6.096 6.144]
1741365252850794101,-3.1241390705108643,3.1415927410125732,0.15000000596046448,12.0,[6.232 6.232 6.296 ... 6.072 6.088 6.144]
1741365252983894248,-3.1241390705108643,3.1415927410125732,0.15000000596046448,12.0,[6.192 6.264 6.304 ... 6.104 6.104 6.144]
1741365253118692679,-3.1241390705108643,3.1415927410125732,0.15000000596046448,12.0,[6.296 6.368 6.368 ... 6.176 6.176 6.208]
1741365253254269105,-3.1241390705108643,3.1415927410125732,0.15000000596046448,12.0,[6.336 6.392 6.376 ... 6.216 6.224 6.256]
1741365253389079074,-3.1241390705108643,3.1415927410125732,0.15000000596046448,12.0,[5.24  6.448   inf ... 5.288 5.288   inf]
1741365253523558304,-3.1241390705108643,3.1415927410125732,0.15000000596046448,12.0,[2.46  2.46  2.428 ... 2.488 2.488 2.488]
1741365253658618641,-3.1241390705108643,3.1415927410125732,0.15000000596046448,12.0,[2.484 2.484 2.464 ... 2.516 2.516 2.516]
1741365253794656897,-3.1241390705108643,3.1415927410125732,0.15000000596046448,12.0,[2.484 2.484 2.46  ... 2.516 2.516   inf]
1741365253928826925,-3.1241390705108643,3.1415927410125732,0.15000000596046448,12.0,[2.472 2.472 2.452 ... 2.504 2.504   inf]
1741365254064187519,-3.1241390705108643,3.1415927410125732,0.15000000596046448,12.0,[2.484 2.484 2.444 ... 2.52  2.52  2.52 ]
1741365254198688416,-3.1241390705108643,3.1415927410125732,0.15000000596046448,12.0,[inf inf inf ... inf inf inf]
1741365254334653246,-3.1241390705108643,3.1415927410125732,0.15000000596046448,12.0,[inf inf inf ... inf inf inf]
1741365254469132198,-3.1241390705108643,3.1415927410125732,0.15000000596046448,12.0,[inf inf inf ... inf inf inf]
1741365254604399423,-3.1241390705108643,3.1415927410125732,0.15000000596046448,12.0,[2.648 2.648 2.612 ... 4.536   inf   inf]
1741365254739790146,-3.1241390705108643,3.1415927410125732,0.15000000596046448,12.0,[5.56  5.56  5.56  ... 5.544 5.544 5.552]
1741365254874960057,-3.1241390705108643,3.1415927410125732,0.15000000596046448,12.0,[6.464 6.496 6.536 ... 6.152   inf   inf]
1741365255009786599,-3.1241390705108643,3.1415927410125732,0.15000000596046448,12.0,[6.472 6.512 6.568 ... 6.448 6.448 6.448]
1741365255146268240,-3.1241390705108643,3.1415927410125732,0.15000000596046448,12.0,[6.496 6.536 6.592 ... 6.496 6.496   inf]
1741365255280282344,-3.1241390705108643,3.1415927410125732,0.15000000596046448,12.0,[6.496 6.496 6.536 ... 6.496 6.496 6.496]
1741365255415227515,-3.1241390705108643,3.1415927410125732,0.15000000596046448,12.0,[6.568 6.568 6.64  ... 6.52  6.52  6.52 ]
1741365255551180253,-3.1241390705108643,3.1415927410125732,0.15000000596046448,12.0,[6.576 6.576 6.616 ... 6.584 6.584 6.584]
1741365255685697168,-3.1241390705108643,3.1415927410125732,0.15000000596046448,12.0,[6.608 6.632 6.632 ... 6.416   inf   inf]
1741365255820444767,-3.1241390705108643,3.1415927410125732,0.15000000596046448,12.0,[6.688 6.688 6.688 ... 6.656 6.656 6.656]
1741365255957124925,-3.1241390705108643,3.1415927410125732,0.15000000596046448,12.0,[6.584 6.68  6.68  ... 6.544   inf   inf]
1741365256090510219,-3.1241390705108643,3.1415927410125732,0.15000000596046448,12.0,[6.712 6.712 6.712 ... 6.344 6.344 6.344]
1741365256225907201,-3.1241390705108643,3.1415927410125732,0.15000000596046448,12.0,[6.464 6.712 6.752 ... 6.784 6.784   inf]
1741365256360404746,-3.1241390705108643,3.1415927410125732,0.15000000596046448,12.0,[6.712 6.728 6.728 ... 6.464   inf   inf]
1741365256495948876,-3.1241390705108643,3.1415927410125732,0.15000000596046448,12.0,[6.28  6.176 6.712 ... 6.808 6.808   inf]
1741365256631190193,-3.1241390705108643,3.1415927410125732,0.15000000596046448,12.0,[6.712 6.736 6.736 ...   inf   inf   inf]
1741365256766959895,-3.1241390705108643,3.1415927410125732,0.15000000596046448,12.0,[  inf 6.712 6.712 ... 6.752   inf   inf]
1741365256901509680,-3.1241390705108643,3.1415927410125732,0.15000000596046448,12.0,[6.696 6.696 6.696 ...   inf   inf   inf]
1741365257036474851,-3.1241390705108643,3.1415927410125732,0.15000000596046448,12.0,[6.712 6.712 6.752 ... 6.744 6.744   inf]
1741365257171425004,-3.1241390705108643,3.1415927410125732,0.15000000596046448,12.0,[6.704 6.704 6.704 ...   inf   inf   inf]
1741365257306773635,-3.1241390705108643,3.1415927410125732,0.15000000596046448,12.0,[6.352 6.696 6.696 ... 6.728   inf   inf]
1741365257441661807,-3.1241390705108643,3.1415927410125732,0.15000000596046448,12.0,[6.696 6.696 6.696 ... 6.128 6.128 6.128]
1741365257576737958,-3.1241390705108643,3.1415927410125732,0.15000000596046448,12.0,[6.648 6.648 6.736 ... 6.48  6.48    inf]
1741365257711915924,-3.1241390705108643,3.1415927410125732,0.15000000596046448,12.0,[6.16  6.728 6.728 ... 6.76    inf   inf]
1741365257847546609,-3.1241390705108643,3.1415927410125732,0.15000000596046448,12.0,[6.688 6.688 6.688 ...   inf   inf   inf]
1741365257981826988,-3.1241390705108643,3.1415927410125732,0.15000000596046448,12.0,[  inf 6.72  6.72  ... 6.496   inf   inf]
1741365258116971751,-3.1241390705108643,3.1415927410125732,0.15000000596046448,12.0,[6.728 6.728 6.832 ... 6.744 6.744 6.536]
1741365258251915163,-3.1241390705108643,3.1415927410125732,0.15000000596046448,12.0,[  inf 6.696 6.696 ... 6.76    inf   inf]
1741365258386943370,-3.1241390705108643,3.1415927410125732,0.15000000596046448,12.0,[6.272 6.272 6.792 ... 6.344 6.344 6.344]
1741365258523035070,-3.1241390705108643,3.1415927410125732,0.15000000596046448,12.0,[6.856 6.856 6.856 ...   inf   inf   inf]
1741365258657598522,-3.1241390705108643,3.1415927410125732,0.15000000596046448,12.0,[6.84  6.84  6.84  ... 6.464   inf   inf]
1741365258792821728,-3.1241390705108643,3.1415927410125732,0.15000000596046448,12.0,[6.856 6.856 6.856 ... 6.704 6.704   inf]
1741365258927852250,-3.1241390705108643,3.1415927410125732,0.15000000596046448,12.0,[6.856 6.856 6.872 ... 6.704 6.704   inf]
1741365259062844551,-3.1241390705108643,3.1415927410125732,0.15000000596046448,12.0,[6.864 6.864 6.864 ...   inf   inf   inf]
1741365259199572153,-3.1241390705108643,3.1415927410125732,0.15000000596046448,12.0,[6.224 6.224 6.832 ... 6.312 6.312 6.312]
1741365259320731387,-3.1241390705108643,3.1415927410125732,0.15000000596046448,12.0,[6.84  6.84  6.888 ... 6.696 6.696 6.496]
1741365259456430590,-3.1241390705108643,3.1415927410125732,0.15000000596046448,12.0,[6.88 6.88 6.88 ...  inf  inf  inf]
1741365259590910746,-3.1241390705108643,3.1415927410125732,0.15000000596046448,12.0,[6.872 6.872 6.872 ... 6.224 6.224 6.224]
1741365259727486294,-3.1241390705108643,3.1415927410125732,0.15000000596046448,12.0,[6.376 6.864 6.864 ... 6.744   inf   inf]
1741365259861454324,-3.1241390705108643,3.1415927410125732,0.15000000596046448,12.0,[6.272 6.2   6.856 ... 6.752   inf   inf]
1741365259996339070,-3.1241390705108643,3.1415927410125732,0.15000000596046448,12.0,[  inf 6.856 6.856 ...   inf   inf   inf]
1741365260131072150,-3.1241390705108643,3.1415927410125732,0.15000000596046448,12.0,[6.872   inf 6.88  ...   inf   inf   inf]
1741365260266210635,-3.1241390705108643,3.1415927410125732,0.15000000596046448,12.0,[  inf 6.872 6.872 ... 6.688 6.496 6.496]
1741365260401348249,-3.1241390705108643,3.1415927410125732,0.15000000596046448,12.0,[6.848 6.848 6.848 ...   inf   inf   inf]
1741365260536946656,-3.1241390705108643,3.1415927410125732,0.15000000596046448,12.0,[6.856 6.856 6.872 ... 6.488 6.488   inf]
1741365260671681310,-3.1241390705108643,3.1415927410125732,0.15000000596046448,12.0,[6.888 6.888 6.888 ... 6.488 6.488 6.488]
1741365260808448098,-3.1241390705108643,3.1415927410125732,0.15000000596046448,12.0,[6.856   inf 6.872 ...   inf   inf   inf]
1741365260942799903,-3.1241390705108643,3.1415927410125732,0.15000000596046448,12.0,[6.304 6.232 6.856 ... 6.8   6.8     inf]
1741365261077167911,-3.1241390705108643,3.1415927410125732,0.15000000596046448,12.0,[6.856 6.856 6.856 ...   inf   inf   inf]
1741365261212275266,-3.1241390705108643,3.1415927410125732,0.15000000596046448,12.0,[  inf 6.848 6.848 ...   inf   inf   inf]
1741365261347912192,-3.1241390705108643,3.1415927410125732,0.15000000596046448,12.0,[6.856 6.856 6.864 ... 6.752 6.752   inf]
1741365261482478440,-3.1241390705108643,3.1415927410125732,0.15000000596046448,12.0,[6.84 6.84 6.84 ... 6.48 6.48 6.48]
1741365261618056329,-3.1241390705108643,3.1415927410125732,0.15000000596046448,12.0,[  inf 6.848 6.848 ... 6.728   inf   inf]
1741365261752898575,-3.1241390705108643,3.1415927410125732,0.15000000596046448,12.0,[6.744 6.744 6.84  ... 6.456 6.456   inf]
1741365261888116596,-3.1241390705108643,3.1415927410125732,0.15000000596046448,12.0,[6.384 6.848 6.848 ... 6.728   inf   inf]
1741365262022540530,-3.1241390705108643,3.1415927410125732,0.15000000596046448,12.0,[6.824 6.824 6.848 ...   inf   inf   inf]
1741365262145614565,-3.1241390705108643,3.1415927410125732,0.15000000596046448,12.0,[  inf 6.848 6.848 ... 6.728   inf   inf]
1741365262280477588,-3.1241390705108643,3.1415927410125732,0.15000000596046448,12.0,[6.824 6.824 6.856 ... 6.464 6.464   inf]
1741365262416296031,-3.1241390705108643,3.1415927410125732,0.15000000596046448,12.0,[  inf 6.848 6.848 ... 6.512   inf   inf]
1741365262551119592,-3.1241390705108643,3.1415927410125732,0.15000000596046448,12.0,[6.856 6.856 6.856 ...   inf   inf   inf]
1741365262686398075,-3.1241390705108643,3.1415927410125732,0.15000000596046448,12.0,[6.856 6.856 6.856 ... 6.48  6.48  6.48 ]
1741365262821278043,-3.1241390705108643,3.1415927410125732,0.15000000596046448,12.0,[6.832 6.856 6.856 ...   inf   inf   inf]
1741365262956002790,-3.1241390705108643,3.1415927410125732,0.15000000596046448,12.0,[6.312 6.208 6.856 ... 6.784 6.784   inf]
1741365263092199304,-3.1241390705108643,3.1415927410125732,0.15000000596046448,12.0,[6.832 6.848 6.848 ... 6.464   inf   inf]
