timestamp,velocity,torque
1741365213645488210,,
1741365213711358122,,
1741365213743070596,,
1741365213771953368,,
1741365213805743735,,
1741365213836153700,,
1741365213866738034,,
1741365213900895472,,
1741365213932311855,,
1741365213963142965,,
1741365213996119004,,
1741365214030508515,,
1741365214058522201,,
1741365214094840845,,
1741365214123250936,,
1741365214156756712,,
1741365214190935316,,
1741365214218928262,,
1741365214254558800,,
1741365214283668978,,
1741365214316712720,,
1741365214350189756,,
1741365214393892699,,
1741365214414433309,,
1741365214446554002,,
1741365214475190665,,
1741365214509306011,,
1741365214539726143,,
1741365214572931458,,
1741365214605350593,,
1741365214635419505,,
1741365214668241860,,
1741365214702465224,,
1741365214733200520,,
1741365214763528004,,
1741365214796564931,,
1741365214828084259,,
1741365214863824685,,
1741365214893918560,,
1741365214923667030,,
1741365214957648709,,
1741365214988880465,,
1741365215019827796,,
1741365215055555389,,
1741365215083602686,,
1741365215278061593,,
1741365215309961029,,
1741365215340212273,,
1741365215372565928,,
1741365215405911964,,
1741365215436559020,,
1741365215468350993,,
1741365215500683667,,
1741365215531721720,,
1741365215563968449,,
1741365215596161994,,
1741365215627809894,,
1741365215659557739,,
1741365215695529256,,
1741365215722790614,,
1741365215756686035,,
1741365215789057005,,
1741365215820025892,,
1741365215856276777,,
1741365215888644136,,
1741365215916438286,,
1741365215949374159,,
1741365215979727661,,
1741365216012456350,,
1741365216045178095,,
1741365216075944502,,
1741365216109697980,,
1741365216140117371,,
1741365216171800474,,
1741365216203523967,,
1741365216234958702,,
1741365216268751902,,
1741365216300677745,,
1741365216333047826,,
1741365216363321032,,
1741365216398313686,,
1741365216428411654,,
1741365216460969881,,
1741365216495837165,,
1741365216523942666,,
1741365216556962501,,
1741365216589423655,,
1741365216619634714,,
1741365216654041298,,
1741365216682947014,,
1741365216717246062,,
1741365216750079584,,
1741365216780236125,,
1741365216812423892,,
1741365216845401635,,
1741365216874508109,,
1741365216910986808,,
1741365216940448724,,
1741365216972744509,,
1741365217005552994,,
1741365217036002532,,
1741365217068741036,,
1741365217101235116,,
1741365217132865238,,
1741365217163780422,,
1741365217198582355,,
1741365217229229819,,
1741365217260123428,,
1741365217293671204,,
1741365217324095502,,
1741365217357023634,,
1741365217390111765,,
1741365217420272213,,
1741365217456685987,,
1741365217484671784,,
1741365217515619208,,
1741365217550716047,,
1741365217579716225,,
1741365217612835560,,
1741365217645921450,,
1741365217675990084,,
1741365217709849172,,
1741365217740587246,,
1741365217772770272,,
1741365217804919947,,
1741365217835773557,,
1741365217869900476,,
1741365217901713135,,
1741365217932631781,,
1741365217965412359,,
1741365217996584541,,
1741365218028328663,,
1741365218060212747,,
1741365218093934243,,
1741365218126426138,,
1741365218156919028,,
1741365218190690135,,
1741365218218391861,,
1741365218254471285,,
1741365218285440079,,
1741365218316203819,,
1741365218352304354,,
1741365218378674756,,
1741365218412841027,,
1741365218444928517,,
1741365218475439500,,
1741365218511590164,,
1741365218540457029,,
1741365218572846035,,
1741365218605811167,,
1741365218635521859,,
1741365218668604360,,
1741365218702091525,,
1741365218733342873,,
1741365218767441237,,
1741365218796623137,,
1741365218828634942,,
1741365218860626989,,
1741365218894717816,,
1741365218923623551,,
1741365218957147679,,
1741365218990433678,,
1741365219021724600,,
1741365219054145050,,
1741365219083622485,,
1741365219116360637,,
1741365219149274306,,
1741365219179910844,,
1741365219213203528,,
1741365219245326111,,
1741365219275667798,,
1741365219309341388,,
1741365219340874104,,
1741365219372513486,,
1741365219405506470,,
1741365219435926638,,
1741365219468681938,,
1741365219502314991,,
1741365219532831992,,
1741365219565138906,,
1741365219596633326,,
1741365219628458522,,
1741365219660977731,,
1741365219695545944,,
1741365219722425675,,
1741365219756648557,,
1741365219789030600,,
1741365219819971913,,
1741365219855630970,,
1741365219882737829,,
1741365219917790520,,
1741365219949138941,,
1741365219980342567,,
1741365220012365576,,
1741365220041030090,,
1741365220075964004,,
1741365220110023758,,
1741365220140439241,,
1741365220172888951,,
1741365220203280564,,
1741365220236847673,,
1741365220270526855,,
1741365220301729573,,
1741365220332677960,,
1741365220363556070,,
1741365220397543843,,
1741365220429851516,,
1741365220461201808,,
1741365220494329234,,
1741365220523141193,,
1741365220557813645,,
1741365220589153881,,
1741365220620603913,,
1741365220654818424,,
1741365220690591443,,
1741365220716947752,,
1741365220749938569,,
1741365220779623391,,
1741365220812217822,,
1741365220844949122,,
1741365220874906146,,
1741365220910450999,,
1741365220940084378,,
1741365220972028239,,
1741365221005474608,,
1741365221034498750,,
1741365221068900945,,
1741365221102610386,,
1741365221133484737,,
1741365221163896257,,
1741365221198321786,,
1741365221228598900,,
1741365221262148768,,
1741365221293722799,,
1741365221323671063,,
1741365221358379701,,
1741365221389339995,,
1741365221419891052,,
1741365221456278159,,
1741365221483548665,,
1741365221516576981,,
1741365221551542080,,
1741365221580464908,,
1741365221612401177,,
1741365221645595510,,
1741365221675908124,,
1741365221710478133,,
1741365221740338917,,
1741365221772424592,,
1741365221805058911,,
1741365221835876281,,
1741365221866576799,,
1741365221901215734,,
1741365221932943060,,
1741365221965571638,,
1741365221997334167,,
1741365222026892861,,
1741365222060300989,,
1741365222094895757,,
1741365222126072032,,
1741365222156694458,,
1741365222191339281,,
1741365222220722865,,
1741365222254101327,,
1741365222284049073,,
1741365222315922287,,
1741365222350843145,,
1741365222377725154,,
1741365222412906881,,
1741365222446363879,,
1741365222475420391,,
1741365222512129977,,
1741365222539315429,,
1741365222572905222,,
1741365222605411061,,
1741365222636342022,,
1741365222668828435,,
1741365222699545787,,
1741365222732768528,,
1741365222763823896,,
1741365222796825231,,
1741365222828704037,,
1741365222859744738,,
1741365222894615745,,
1741365222923520943,,
1741365222957248366,,
1741365222989679242,,
1741365223019387620,,
1741365223054765715,,
1741365223083794931,,
1741365223117747926,,
1741365223150633577,,
1741365223179799477,,
1741365223213488825,,
1741365223245087041,,
1741365223276317333,,
1741365223309655111,,
1741365223340550628,,
1741365223372687006,,
1741365223404925199,,
1741365223439370190,,
1741365223468954772,,
1741365223501072688,,
1741365223534835165,,
1741365223565582276,,
1741365223596773069,,
1741365223628869503,,
1741365223660720143,,
1741365223695109672,,
1741365223725901967,,
1741365223756924650,,
1741365223789287749,,
1741365223820126767,,
1741365223858067677,,
1741365223882824739,,
1741365223917562783,,
1741365223950810820,,
1741365223979646463,,
1741365224013763198,,
1741365224045772688,,
1741365224075902878,,
1741365224109868372,,
1741365224145287264,,
1741365224171595333,,
1741365224205392366,,
1741365224237699299,,
1741365224269468865,,
1741365224301037711,,
1741365224332647185,,
1741365224363915070,,
1741365224396620370,,
1741365224430070628,,
1741365224459687284,,
1741365224494198720,,
1741365224522928400,,
1741365224556747804,,
1741365224589372049,,
1741365224619646052,,
1741365224655461663,,
1741365224684053993,,
1741365224717185753,,
1741365224749442316,,
1741365224781076828,,
1741365224813489630,,
1741365224847171034,,
1741365224875059444,,
1741365224909492342,,
1741365224940452081,,
1741365224973257121,,
1741365225005296612,,
1741365225035518578,,
1741365225069956977,,
1741365225100935586,,
1741365225132092083,,
1741365225164568514,,
1741365225199208004,,
1741365225229242379,,
1741365225260810799,,
1741365225293846449,,
1741365225323539419,,
1741365225358492110,,
1741365225389209388,,
1741365225420226274,,
1741365225454450064,,
1741365225485523061,,
1741365225516144709,,
1741365225549979761,,
1741365225580248079,,
1741365225612816176,,
1741365225645123998,,
1741365225675926904,,
1741365225710064046,,
1741365225741071840,,
1741365225772778629,,
1741365225805556225,,
1741365225836106171,,
1741365225869009488,,
1741365225901334569,,
1741365225932765304,,
1741365225964085929,,
1741365225997479780,,
1741365226030703447,,
1741365226060624045,,
1741365226094626817,,
1741365226125295114,,
1741365226157456863,,
1741365226191011842,,
1741365226220505499,,
1741365226254683122,,
1741365226283982021,,
1741365226315858345,,
1741365226351214497,,
1741365226380678950,,
1741365226412831328,,
1741365226449831338,,
1741365226475362431,,
1741365226510923211,,
1741365226541602322,,
1741365226574230808,,
1741365226605482656,,
1741365226637634275,,
1741365226669033085,,
1741365226701693200,,
1741365226733850023,,
1741365226765001019,,
1741365226797816171,,
1741365226829648829,,
1741365226861775245,,
1741365226894813524,,
1741365226923744315,,
1741365226958766950,,
1741365226989750096,,
1741365227018925514,,
1741365227055140067,,
1741365227083859840,,
1741365227116237402,,
1741365227149486199,,
1741365227179538592,,
1741365227213821622,,
1741365227247427990,,
1741365227276210707,,
1741365227309674539,,
1741365227340241392,,
1741365227372928822,,
1741365227405314402,,
1741365227436107698,,
1741365227469485734,,
1741365227501704149,,
1741365227533125699,,
1741365227564336603,,
1741365227597004681,,
1741365227629120448,,
1741365227662636761,,
1741365227694988897,,
1741365227724203260,,
1741365227757376668,,
1741365227789863266,,
1741365227820131788,,
1741365227856237841,,
1741365227882804871,,
1741365227916207314,,
1741365227949482036,,
1741365227979725725,,
1741365228011972899,,
1741365228045662803,,
1741365228076531839,,
1741365228110463315,,
1741365228141290610,,
1741365228172508255,,
1741365228205724014,,
1741365228236900196,,
1741365228270438342,,
1741365228302012762,,
1741365228333649310,,
1741365228363779870,,
1741365228397652995,,
1741365228429115823,,
1741365228460201672,,
1741365228495878099,,
1741365228522554276,,
1741365228557058934,,
1741365228589637513,,
1741365228620678584,,
1741365228654360655,,
1741365228683027596,,
1741365228716433428,,
1741365228751147028,,
1741365228781534734,,
1741365228812733805,,
1741365228848194992,,
1741365228874577468,,
1741365228910328728,,
1741365228940479047,,
1741365228972869497,,
1741365229004615304,,
1741365229034562439,,
1741365229069323910,,
1741365229101079976,,
1741365229138942036,,
1741365229165586065,,
1741365229197320076,,
1741365229229593046,,
1741365229260353471,,
1741365229296537858,,
1741365229324478877,,
1741365229358113652,,
1741365229389973144,,
1741365229420447164,,
1741365229457531081,,
1741365229483729910,,
1741365229516387951,,
1741365229549646321,,
1741365229579968380,,
1741365229613596599,,
1741365229645464257,,
1741365229675871185,,
1741365229709866254,,
1741365229741106250,,
1741365229774092344,,
1741365229805180823,,
1741365229839160484,,
1741365229867131726,,
1741365229901622180,,
1741365229932509086,,
1741365229965961863,,
1741365229996810510,,
1741365230027377900,,
1741365230060660418,,
1741365230094693338,,
1741365230123622555,,
1741365230157144386,,
1741365230190868679,,
1741365230220540779,,
1741365230254659847,,
1741365230283831524,,
1741365230317154727,,
1741365230351145037,,
1741365230380645842,,
1741365230412852461,,
1741365230445609834,,
1741365230478516337,,
1741365230510973269,,
1741365230542784335,,
1741365230572812932,,
1741365230605232216,,
1741365230637183077,,
1741365230669443899,,
1741365230701590148,,
1741365230733028642,,
1741365230763786401,,
1741365230797626230,,
1741365230828943189,,
1741365230859317450,,
1741365230894350252,,
1741365230924593070,,
1741365230956934355,,
1741365230989577878,,
1741365231019178071,,
1741365231054439260,,
1741365231085484350,,
1741365231116244683,,
1741365231153780485,,
1741365231180128220,,
1741365231214492397,,
1741365231249432311,,
1741365231276137433,,
1741365231310717793,,
1741365231340856927,,
1741365231374122890,,
1741365231405804160,,
1741365231435829295,,
1741365231469073906,,
1741365231504437891,,
1741365231534411563,,
1741365231565333672,,
1741365231597816233,,
1741365231629479374,,
1741365231662744763,,
1741365231695072233,,
1741365231725555586,,
1741365231757168542,,
1741365231791391591,,
1741365231820015310,,
1741365231855649181,,
1741365231884495898,,
1741365231916851460,,
1741365231955273849,,
1741365231980835016,,
1741365232016589646,,
1741365232046062877,,
1741365232076117770,,
1741365232110781019,,
1741365232141678999,,
1741365232173070939,,
1741365232206490956,,
1741365232237309381,,
1741365232269423704,,
1741365232301325306,,
1741365232333020688,,
1741365232363607152,,
1741365232398394233,,
1741365232429865783,,
1741365232461407555,,
1741365232496387857,,
1741365232522623945,,
1741365232557626636,,
1741365232589974013,,
1741365232620510718,,
1741365232655994683,,
1741365232684056628,,
1741365232717435016,,
1741365232749906855,,
1741365232780127525,,
1741365232812888343,,
1741365232848065755,,
1741365232878103260,,
1741365232910073417,,
1741365232941041453,,
1741365232972778223,,
1741365233004333772,,
1741365233034499165,,
1741365233069505004,,
1741365233103594590,,
1741365233134001796,,
1741365233164330373,,
1741365233197643835,,
1741365233229305606,,
1741365233261516947,,
1741365233294983260,,
1741365233325333467,,
1741365233360153474,,
1741365233389974073,,
1741365233426914768,,
1741365233458604687,,
1741365233484482185,,
1741365233516208825,,
1741365233551208202,,
1741365233580323231,,
1741365233613266086,,
1741365233645953108,,
1741365233677525305,,
1741365233710425141,,
1741365233740601997,,
1741365233773609221,,
1741365233805357824,,
1741365233835637531,,
1741365233866996989,,
1741365233901547295,,
1741365233933625692,,
1741365233965119520,,
1741365233997082584,,
1741365234027071182,,
1741365234060486737,,
1741365234094862673,,
1741365234123957592,,
1741365234157523701,,
1741365234192752464,,
1741365234220727558,,
1741365234255793508,,
1741365234284433671,,
1741365234316528994,,
1741365234351797183,,
1741365234380507345,,
1741365234413129387,,
1741365234451314888,,
1741365234481069710,,
1741365234511215510,,
1741365234542529876,,
1741365234573739613,,
1741365234605319070,,
1741365234637299653,,
1741365234668774295,,
1741365234701709094,,
1741365234733055497,,
1741365234764372974,,
1741365234797269884,,
1741365234830060331,,
1741365234858894030,,
1741365234895670893,,
1741365234924031503,,
1741365234956962227,,
1741365234992503340,,
1741365235019932123,,
1741365235054561521,,
1741365235086388920,,
1741365235116470721,,
1741365235150397197,,
1741365235179470653,,
1741365235215544892,,
1741365235245218770,,
1741365235277682516,,
1741365235310304503,,
1741365235340692634,,
1741365235373268287,,
1741365235405871514,,
1741365235439520419,,
1741365235469030409,,
1741365235503029144,,
1741365235534210307,,
1741365235565314804,,
1741365235597705699,,
1741365235629296712,,
1741365235661034260,,
1741365235695161161,,
1741365235725985586,,
1741365235757789374,,
1741365235790039622,,
1741365235820429791,,
1741365235857184080,,
1741365235884361494,,
1741365235916810593,,
1741365235952585963,,
1741365235981457051,,
1741365236015565304,,
1741365236045232422,,
1741365236076658324,,
1741365236111249241,,
1741365236140873822,,
1741365236175924791,,
1741365236205508947,,
1741365236238330913,,
1741365236269309911,,
1741365236301710269,,
1741365236333666316,,
1741365236365621918,,
1741365236397258707,,
1741365236429786471,,
1741365236460482749,,
1741365236496330749,,
1741365236525851943,,
1741365236556972865,,
1741365236589536278,,
1741365236620781700,,
1741365236656022630,,
1741365236682852028,,
1741365236716675746,,
1741365236749758247,,
1741365236780631246,,
1741365236813704618,,
1741365236846063513,,
1741365236877127029,,
1741365236909716330,,
1741365236941414267,,
1741365236973257148,,
1741365237004187979,,
1741365237037092445,,
1741365237069750838,,
1741365237101771440,,
1741365237133245434,,
1741365237164204321,,
1741365237197871096,,
1741365237230459304,,
1741365237260930806,,
1741365237295115503,,
1741365237324368902,,
1741365237358648154,,
1741365237389750521,,
1741365237420389929,,
1741365237455195640,,
1741365237485284126,,
1741365237517463300,,
1741365237552184234,,
1741365237580682898,,
1741365237613409402,,
1741365237646310719,,
1741365237674939753,,
1741365237710370404,,
1741365237741253384,,
1741365237773138838,,
1741365237805621529,,
1741365237835745144,,
1741365237870884797,,
1741365237901610593,,
1741365237933256846,,
1741365237965449612,,
1741365237997533158,,
1741365238030259495,,
1741365238060724793,,
1741365238095377931,,
1741365238125339770,,
1741365238157369612,,
1741365238190576705,,
1741365238221534666,,
1741365238257479294,,
1741365238283979343,,
1741365238316510478,,
1741365238352234257,,
1741365238380986122,,
1741365238414440751,,
1741365238451354391,,
1741365238476910891,,
1741365238511614417,,
1741365238542824729,,
1741365238574471425,,
1741365238605337369,,
1741365238637346507,,
1741365238670720877,,
1741365238702140482,,
1741365238733006926,,
1741365238764490457,,
1741365238797411959,,
1741365238829107026,,
1741365238862713061,,
1741365238897097552,,
1741365238924434780,,
1741365238958152999,,
1741365238991241037,,
1741365239019511499,,
1741365239055238963,,
1741365239084822841,,
1741365239116861369,,
1741365239152318260,,
1741365239179738913,,
1741365239213585817,,
1741365239246948094,,
1741365239276295307,,
1741365239311099259,,
1741365239340339954,,
1741365239374986222,,
1741365239405922813,,
1741365239437611435,,
1741365239469275836,,
1741365239504498044,,
1741365239534484808,,
1741365239565908469,,
1741365239597977978,,
1741365239630840684,,
1741365239661200909,,
1741365239695159034,,
1741365239725313704,,
1741365239757404639,,
1741365239789605498,,
1741365239820271609,,
1741365239855682242,,
1741365239886450612,,
1741365239916698319,,
1741365239952165062,,
1741365239980542579,,
1741365240016166209,,
1741365240046947320,,
1741365240076183256,,
1741365240111154855,,
1741365240140926751,,
1741365240174005270,,
1741365240205974483,,
1741365240237079203,,
1741365240270083130,,
1741365240301440496,,
1741365240332972286,,
1741365240365476717,,
1741365240397830465,,
1741365240430309063,,
1741365240460913638,,
1741365240496327344,,
1741365240523540314,,
1741365240557744862,,
1741365240590461552,,
1741365240620694796,,
1741365240656692850,,
1741365240682987771,,
1741365240717428410,,
1741365240750022174,,
1741365240781048727,,
1741365240816081011,,
1741365240846082830,,
1741365240876700812,,
1741365240910817547,,
1741365240941445566,,
1741365240973413834,,
1741365241004427128,,
1741365241037897775,,
1741365241069393991,,
1741365241102211087,,
1741365241133611249,,
1741365241164014121,,
1741365241197512008,,
1741365241229501592,,
1741365241261888857,,
1741365241295289134,,
1741365241323630095,,
1741365241357814459,,
1741365241390760554,,
1741365241423348762,,
1741365241458840487,,
1741365241483871880,,
1741365241516426218,,
1741365241551233262,,
1741365241580799789,,
1741365241613439830,,
1741365241649721049,,
1741365241678490804,,
1741365241710352129,,
1741365241741144961,,
1741365241773254155,,
1741365241806355434,,
1741365241835290706,,
1741365241869505310,,
1741365241903746580,,
1741365241935105150,,
1741365241964719435,,
1741365241996420039,,
1741365242030479441,,
1741365242061374106,,
1741365242094588902,,
1741365242125253810,,
1741365242157376263,,
1741365242190984149,,
1741365242220660064,,
1741365242256638525,,
1741365242285754870,,
1741365242316326204,,
1741365242350616326,,
1741365242380758275,,
1741365242421718664,,
1741365242445938136,,
1741365242476397194,,
1741365242511155127,,
1741365242543057655,,
1741365242574633630,,
1741365242606364216,,
1741365242638002486,,
1741365242670508510,,
1741365242704091471,,
1741365242733639127,,
1741365242764776328,,
1741365242797690701,,
1741365242828858734,,
1741365242861299999,,
1741365242895310383,,
1741365242925750385,,
1741365242958355852,,
1741365242991097319,,
1741365243021195212,,
1741365243053959364,,
1741365243084374681,,
1741365243117148740,,
1741365243152146894,,
1741365243179603343,,
1741365243214501479,,
1741365243245800919,,
1741365243277204470,,
1741365243310818078,,
1741365243342835865,,
1741365243374568543,,
1741365243405887594,,
1741365243438211489,,
1741365243469381245,,
1741365243503424517,,
1741365243533441911,,
1741365243567086038,,
1741365243597424392,,
1741365243629408512,,
1741365243661110505,,
1741365243696901857,,
1741365243725868055,,
1741365243757999211,,
1741365243790382051,,
1741365243820103335,,
1741365243855831558,,
1741365243884681868,,
1741365243917026319,,
1741365243951076665,,
1741365243980674580,,
1741365244014005154,,
1741365244045788998,,
1741365244076685422,,
1741365244110061903,,
1741365244144035823,,
1741365244173836997,,
1741365244206561686,,
1741365244237519610,,
1741365244270390390,,
1741365244304902436,,
1741365244332269090,,
1741365244366139808,,
1741365244400303616,,
1741365244434959828,,
1741365244468311513,,
1741365244496195181,,
1741365244525495358,,
1741365244557730143,,
1741365244590226704,,
1741365244620823501,,
1741365244656341188,,
1741365244683221438,,
1741365244717628041,,
1741365244751301130,,
1741365244781102285,,
1741365244814380822,,
1741365244847362361,,
1741365244877213663,,
1741365244911234843,,
1741365244942675800,,
1741365244975150602,,
1741365245006618319,,
1741365245038006258,,
1741365245069813954,,
1741365245103751727,,
1741365245133537178,,
1741365245181691014,,
1741365245213669672,,
1741365245247004727,,
1741365245277598931,,
1741365245311064893,,
1741365245343029254,,
1741365245373363849,,
1741365245405146471,,
1741365245437507699,,
1741365245469553449,,
1741365245502910022,,
1741365245533997112,,
1741365245564725186,,
1741365245598405534,,
1741365245629811381,,
1741365245661986630,,
1741365245695945458,,
1741365245725373837,,
1741365245770810008,,
1741365245790598717,,
1741365245821276624,,
1741365245855041695,,
1741365245885248309,,
1741365245916279326,,
1741365245951981678,,
1741365245981276966,,
1741365246013894804,,
1741365246046688455,,
1741365246075325767,,
1741365246110335050,,
1741365246142973388,,
1741365246173459241,,
1741365246206467373,,
1741365246237999107,,
1741365246272318711,,
1741365246302789435,,
1741365246333633582,,
1741365246364858022,,
1741365246396989678,,
1741365246430403751,,
1741365246461096085,,
1741365246495083672,,
1741365246524611254,,
1741365246557511127,,
1741365246591714695,,
1741365246621183778,,
1741365246655407770,,
1741365246685655237,,
1741365246717087546,,
1741365246752704233,,
1741365246781328785,,
1741365246815823720,,
1741365246845899132,,
1741365246877494718,,
1741365246911130475,,
1741365246943096151,,
1741365246973538838,,
1741365247005588105,,
1741365247037775761,,
1741365247069137331,,
1741365247103124807,,
1741365247133631771,,
1741365247165170672,,
1741365247199041964,,
1741365247229456411,,
1741365247261431901,,
1741365247295359674,,
1741365247326342654,,
1741365247358851159,,
1741365247392417879,,
1741365247421869592,,
1741365247456874301,,
1741365247484839339,,
1741365247517212253,,
1741365247555093960,,
1741365247582490669,,
1741365247614036348,,
1741365247645865951,,
1741365247677050651,,
1741365247710747204,,
1741365247740419693,,
1741365247773813784,,
1741365247806471640,,
1741365247838966109,,
1741365247871128098,,
1741365247901262102,,
1741365247933973865,,
1741365247965971782,,
1741365247999587187,,
1741365248029617321,,
1741365248061069204,,
1741365248095629565,,
1741365248126221029,,
1741365248158024521,,
1741365248191218244,,
1741365248221474210,,
1741365248256523752,,
1741365248285147712,,
1741365248317218850,,
1741365248350600775,,
1741365248382299786,,
1741365248414538423,,
1741365248446630172,,
1741365248476614974,,
1741365248511924811,,
1741365248545806954,,
1741365248575066076,,
1741365248606822994,,
1741365248637968528,,
1741365248670031796,,
1741365248702415117,,
1741365248733683520,,
1741365248765318124,,
1741365248798028424,,
1741365248829975952,,
1741365248861620001,,
1741365248893050014,,
1741365248923988642,,
1741365248957746009,,
1741365248990765770,,
1741365249021185846,,
1741365249056557275,,
1741365249083371062,,
1741365249117724443,,
1741365249150688760,,
1741365249181184595,,
1741365249216845300,,
1741365249246518048,,
1741365249283127042,,
1741365249323956024,,
1741365249358195628,,
1741365249393774574,,
1741365249421314560,,
1741365249459009139,,
1741365249484206993,,
1741365249518149581,,
1741365249551533136,,
1741365249581452308,,
1741365249614825511,,
1741365249647352905,,
1741365249677114671,,
1741365249711001240,,
1741365249742647289,,
1741365249774945000,,
1741365249805317150,,
1741365249836263019,,
1741365249870688732,,
1741365249904519284,,
1741365249934137532,,
1741365249965693230,,
1741365249998399141,,
1741365250031024405,,
1741365250060979725,,
1741365250096182544,,
1741365250125946606,,
1741365250159036848,,
1741365250190787100,,
1741365250222575740,,
1741365250256022498,,
1741365250286128373,,
1741365250318860376,,
1741365250353125554,,
1741365250381410646,,
1741365250414356092,,
1741365250451574119,,
1741365250476801288,,
1741365250510700950,,
1741365250543713174,,
1741365250574022048,,
1741365250606247962,,
1741365250637957103,,
1741365250671181529,,
1741365250703712201,,
1741365250734789161,,
1741365250765299459,,
1741365250800277909,,
1741365250830528468,,
1741365250862478089,,
1741365250895852754,,
1741365250927710265,,
1741365250956747888,,
1741365250992682479,,
1741365251023064148,,
1741365251054616216,,
1741365251085541603,,
1741365251117404262,,
1741365251152386990,,
1741365251181810943,,
1741365251214414374,,
1741365251258430370,,
1741365251277096031,,
1741365251312709236,,
1741365251343065831,,
1741365251374378957,,
1741365251406521594,,
1741365251438017496,,
1741365251469586749,,
1741365251503584243,,
1741365251534117578,,
1741365251565788386,,
1741365251598620926,,
1741365251630052865,,
1741365251662766387,,
1741365251696265848,,
1741365251726805423,,
1741365251758898784,,
1741365251793195665,,
1741365251820739410,,
1741365251855734360,,
1741365251886423138,,
1741365251917275100,,
1741365251953014656,,
1741365251980254163,,
1741365252015675610,,
1741365252046054482,,
1741365252077135369,,
1741365252110943161,,
1741365252141643587,,
1741365252174678792,,
1741365252206306081,,
1741365252237722706,,
1741365252270608690,,
1741365252301685909,,
1741365252334890225,,
1741365252365299041,,
1741365252398810206,,
1741365252431227620,,
1741365252460845868,,
1741365252496138853,,
1741365252525604029,,
1741365252558749585,,
1741365252590820594,,
1741365252622019109,,
1741365252657032374,,
1741365252686254070,,
1741365252717578769,,
1741365252752463109,,
1741365252781548194,,
1741365252815882261,,
1741365252848323415,,
1741365252877579573,,
1741365252911878880,,
1741365252942048940,,
1741365252975939028,,
1741365253018536034,,
1741365253039355532,,
1741365253070104772,,
1741365253103630603,,
1741365253133874736,,
1741365253165984670,,
1741365253199199726,,
1741365253250877648,,
1741365253339789005,,
1741365253359252660,,
1741365253390651766,,
1741365253422867033,,
1741365253456783787,,
1741365253484219329,,
1741365253517524551,,
1741365253551628563,,
1741365253581995140,,
1741365253615157011,,
1741365253645604198,,
1741365253677951945,,
1741365253711189205,,
1741365253745962471,,
1741365253774332155,,
1741365253808962978,,
1741365253837900380,,
1741365253870294682,,
1741365253902110230,,
1741365253934884270,,
1741365253965297939,,
1741365253998541457,,
1741365254030901742,,
1741365254062390625,,
1741365254095233054,,
1741365254126819955,,
1741365254158518373,,
1741365254192126186,,
1741365254221901285,,
1741365254255753910,,
1741365254285848562,,
1741365254316537174,,
1741365254352045750,,
1741365254381673887,,
1741365254415167756,,
1741365254446595621,,
1741365254476074389,,
1741365254511745297,,
1741365254544203914,,
1741365254574606064,,
1741365254606527426,,
1741365254639462854,,
1741365254670301223,,
1741365254703798870,,
1741365254735084588,,
1741365254766027141,,
1741365254798329111,,
1741365254831308391,,
1741365254862339296,,
1741365254896322846,,
1741365254925360377,,
1741365254958064122,,
1741365254992795259,,
1741365255021961400,,
1741365255055608360,,
1741365255085934288,,
1741365255117797909,,
1741365255152733527,,
1741365255182234536,,
1741365255215047928,,
1741365255246469163,,
1741365255278296007,,
1741365255311687506,,
1741365255343568312,,
1741365255374533051,,
1741365255406407912,,
1741365255438312348,,
1741365255469670491,,
1741365255504177464,,
1741365255534527281,,
1741365255566273496,,
1741365255598655465,,
1741365255630020553,,
1741365255662142598,,
1741365255695437375,,
1741365255725676045,,
1741365255758231606,,
1741365255793251945,,
1741365255820719857,,
1741365255857098594,,
1741365255885490703,,
1741365255918346206,,
1741365255953828653,,
1741365255980244425,,
1741365256015356448,,
1741365256046592278,,
1741365256078034179,,
1741365256110483278,,
1741365256140930335,,
1741365256175059810,,
1741365256207408169,,
1741365256238367019,,
1741365256272378550,,
1741365256305451459,,
1741365256335949701,,
1741365256365600320,,
1741365256398597451,,
1741365256430259870,,
1741365256462318508,,
1741365256495995413,,
1741365256525805715,,
1741365256558381887,,
1741365256590811004,,
1741365256621340616,,
1741365256656513121,,
1741365256686043722,,
1741365256717717381,,
1741365256752000207,,
1741365256781180978,,
1741365256815513692,,
1741365256847367387,,
1741365256877508669,,
1741365256912730044,,
1741365256943457080,,
1741365256973600640,,
1741365257008025502,,
1741365257038142173,,
1741365257071369580,,
1741365257105797609,,
1741365257136553256,,
1741365257165522732,,
1741365257198268995,,
1741365257230326041,,
1741365257261783646,,
1741365257297121890,,
1741365257324325416,,
1741365257359341329,,
1741365257391045562,,
1741365257421688248,,
1741365257459659510,,
1741365257483888149,,
1741365257518378714,,
1741365257551697862,,
1741365257581599034,,
1741365257617549293,,
1741365257647821351,,
1741365257677786116,,
1741365257711617000,,
1741365257743071421,,
1741365257774851154,,
1741365257805998613,,
1741365257839128799,,
1741365257870013224,,
1741365257904450326,,
1741365257935167549,,
1741365257967007207,,
1741365257998659070,,
1741365258031707683,,
1741365258061578578,,
1741365258095857867,,
1741365258124933915,,
1741365258158718726,,
1741365258193378568,,
1741365258222378543,,
1741365258255238787,,
1741365258286221044,,
1741365258317533891,,
1741365258352802599,,
1741365258381164060,,
1741365258415234425,,
1741365258446958269,,
1741365258476185835,,
1741365258511545079,,
1741365258543701217,,
1741365258574558623,,
1741365258609907293,,
1741365258636980227,,
1741365258671027517,,
1741365258703673910,,
1741365258735154590,,
1741365258765658054,,
1741365258799449513,,
1741365258831215135,,
1741365258862114911,,
1741365258895187542,,
1741365258925810413,,
1741365258957971143,,
1741365258992828206,,
1741365259021499406,,
1741365259055734454,,
1741365259086316992,,
1741365259118031392,,
1741365259153360395,,
1741365259183095958,,
1741365259216561438,,
1741365259247084958,,
1741365259277436238,,
1741365259311606009,,
1741365259343862646,,
1741365259375468528,,
1741365259407736146,,
1741365259445044561,,
1741365259470049732,,
1741365259504106263,,
1741365259534685283,,
1741365259565780224,,
1741365259598834781,,
1741365259630243665,,
1741365259662609023,,
1741365259696103503,,
1741365259726335284,,
1741365259758815178,,
1741365259791083056,,
1741365259822065387,,
1741365259856863172,,
1741365259885512854,,
1741365259917873712,,
1741365259953731341,,
1741365259980653776,,
1741365260015017990,,
1741365260046651020,,
1741365260078085719,,
1741365260110994092,,
1741365260140987467,,
1741365260174939610,,
1741365260207039470,,
1741365260246140076,,
1741365260273031881,,
1741365260305639405,,
1741365260335458892,,
1741365260367711585,,
1741365260398531658,,
1741365260430510926,,
1741365260462048735,,
1741365260497900587,,
1741365260525449424,,
1741365260558557444,,
1741365260591586205,,
1741365260622149169,,
1741365260656514679,,
1741365260686255538,,
1741365260719084263,,
1741365260752681483,,
1741365260781198887,,
1741365260815344659,,
1741365260847336205,,
1741365260879135493,,
1741365260911020003,,
1741365260945092886,,
1741365260974972762,,
1741365261006729977,,
1741365261038409507,,
1741365261070901512,,
1741365261106318145,,
1741365261133872056,,
1741365261166220081,,
1741365261198978659,,
1741365261231814681,,
1741365261263092954,,
1741365261296915487,,
1741365261327194194,,
1741365261358680243,,
1741365261391585153,,
1741365261422522263,,
1741365261457847803,,
1741365261487343534,,
1741365261517856924,,
1741365261552452711,,
1741365261581827424,,
1741365261618219494,,
1741365261647082730,,
1741365261678739426,,
1741365261710885638,,
1741365261743414699,,
1741365261775051859,,
1741365261807182830,,
1741365261838603621,,
1741365261870842054,,
1741365261903498836,,
1741365261934893590,,
1741365261964387969,,
1741365261999366012,,
1741365262030969913,,
1741365262063043533,,
1741365262096315718,,
1741365262126026280,,
1741365262158369435,,
1741365262191196142,,
1741365262222299954,,
1741365262256433855,,
1741365262284833964,,
1741365262319393732,,
1741365262352137014,,
1741365262382024686,,
1741365262414394063,,
1741365262452492676,,
1741365262478681079,,
1741365262512167651,,
1741365262543889588,,
1741365262575339416,,
1741365262607917384,,
1741365262640134984,,
1741365262670484950,,
1741365262703673450,,
1741365262734584967,,
1741365262766128109,,
1741365262797102366,,
1741365262831464580,,
1741365262861820083,,
1741365262896690979,,
1741365262925629121,,
1741365262960190167,,
1741365262992922782,,
1741365263023927131,,
1741365263056578358,,
1741365263086094607,,
1741365263117390936,,
