timestamp,current_ma_left,current_ma_right,pwm_left,pwm_right,wheels_enabled
1741365213645488210,0,0,0,0,True
1741365213711358122,0,0,0,0,True
1741365213743070596,0,0,0,0,True
1741365213771953368,0,0,0,0,True
1741365213805743735,0,0,0,0,True
1741365213836153700,0,0,0,0,True
1741365213866738034,0,0,0,0,True
1741365213900895472,0,0,0,0,True
1741365213932311855,0,0,0,0,True
1741365213963142965,0,0,0,0,True
1741365213996119004,0,0,0,0,True
1741365214030508515,0,0,0,0,True
1741365214058522201,0,0,0,0,True
1741365214094840845,0,0,0,0,True
1741365214123250936,0,0,0,0,True
1741365214156756712,0,0,0,0,True
1741365214190935316,0,0,0,0,True
1741365214218928262,0,0,0,0,True
1741365214254558800,0,0,0,0,True
1741365214283668978,0,0,0,0,True
1741365214316712720,0,0,0,0,True
1741365214350189756,0,0,0,0,True
1741365214393892699,0,0,0,0,True
1741365214414433309,0,0,0,0,True
1741365214446554002,0,0,0,0,True
1741365214475190665,0,0,0,0,True
1741365214509306011,0,0,0,0,True
1741365214539726143,0,0,0,0,True
1741365214572931458,0,0,0,0,True
1741365214605350593,0,0,0,0,True
1741365214635419505,0,0,0,0,True
1741365214668241860,0,0,0,0,True
1741365214702465224,0,0,0,0,True
1741365214733200520,0,0,0,0,True
1741365214763528004,0,0,0,0,True
1741365214796564931,0,0,0,0,True
1741365214828084259,0,0,0,0,True
1741365214863824685,0,0,0,0,True
1741365214893918560,0,0,0,0,True
1741365214923667030,0,0,0,0,True
1741365214957648709,0,0,0,0,True
1741365214988880465,0,0,0,0,True
1741365215019827796,0,0,0,0,True
1741365215055555389,0,0,0,0,True
1741365215083602686,0,0,0,0,True
1741365215278061593,0,0,0,0,True
1741365215309961029,0,0,591,591,True
1741365215340212273,188,141,5950,5949,True
1741365215372565928,251,207,9763,10095,True
1741365215405911964,238,225,12928,12046,True
1741365215436559020,203,232,12636,14834,True
1741365215468350993,176,243,16190,16295,True
1741365215500683667,250,203,17208,17666,True
1741365215531721720,222,222,20232,19740,True
1741365215563968449,152,221,22114,21583,True
1741365215596161994,178,219,24266,23437,True
1741365215627809894,138,202,26241,25300,True
1741365215659557739,236,193,26259,27071,True
1741365215695529256,234,210,29245,29707,True
1741365215722790614,188,219,32306,30978,True
1741365215756686035,166,211,32767,32767,True
1741365215789057005,100,157,32767,32767,True
1741365215820025892,102,97,29820,30475,True
1741365215856276777,64,28,27336,26771,True
1741365215888644136,16,15,25476,22965,True
1741365215916438286,20,17,21390,21514,True
1741365215949374159,33,16,19019,19350,True
1741365215979727661,21,19,18919,17472,True
1741365216012456350,23,20,14449,15524,True
1741365216045178095,21,21,13520,14042,True
1741365216075944502,21,21,12319,11653,True
1741365216109697980,34,30,10421,9526,True
1741365216140117371,43,32,6924,7548,True
1741365216171800474,23,33,6224,5447,True
1741365216203523967,41,48,3315,3687,True
1741365216234958702,17,20,2105,2039,True
1741365216268751902,32,30,0,0,True
1741365216300677745,0,0,0,0,True
1741365216333047826,0,0,0,0,True
1741365216363321032,0,0,0,0,True
1741365216398313686,0,0,0,0,True
1741365216428411654,0,0,0,0,True
1741365216460969881,16,24,-1665,1680,True
1741365216495837165,163,242,-8471,8550,True
1741365216523942666,199,197,-10593,9218,True
1741365216556962501,243,184,-14833,11425,True
1741365216589423655,263,201,-14255,12948,True
1741365216619634714,142,91,-12558,11211,True
1741365216654041298,53,72,-10633,10476,True
1741365216682947014,50,56,-9916,9866,True
1741365216717246062,57,63,-9783,9747,True
1741365216750079584,55,52,-11095,9865,True
1741365216780236125,48,55,-10828,9916,True
1741365216812423892,78,85,-11565,9944,True
1741365216845401635,99,90,-11163,10141,True
1741365216874508109,96,80,-10885,9861,True
1741365216910986808,77,85,-11078,10218,True
1741365216940448724,102,95,-11479,10379,True
1741365216972744509,57,18,-7562,6680,True
1741365217005552994,11,26,-5436,3902,True
1741365217036002532,62,113,-452,419,True
1741365217068741036,40,34,0,0,True
1741365217101235116,0,0,0,0,True
1741365217132865238,0,0,0,0,True
1741365217163780422,0,0,0,0,True
1741365217198582355,0,0,0,0,True
1741365217229229819,0,0,0,0,True
1741365217260123428,0,0,0,0,True
1741365217293671204,0,0,0,0,True
1741365217324095502,0,0,0,0,True
1741365217357023634,0,0,591,591,True
1741365217390111765,104,203,7167,7345,True
1741365217420272213,247,206,9992,8503,True
1741365217456685987,229,210,12894,11460,True
1741365217484671784,172,227,14054,13414,True
1741365217515619208,179,197,15511,15017,True
1741365217550716047,217,176,16412,17248,True
1741365217579716225,170,185,20579,19031,True
1741365217612835560,231,207,21529,21018,True
1741365217645921450,266,204,22125,23032,True
1741365217675990084,191,207,25449,24964,True
1741365217709849172,182,213,27866,27549,True
1741365217740587246,197,202,29063,29193,True
1741365217772770272,249,211,31496,30834,True
1741365217804919947,223,216,31363,32767,True
1741365217835773557,124,174,32767,32547,True
1741365217869900476,135,63,30187,30064,True
1741365217901713135,31,36,28047,27303,True
1741365217932631781,27,15,26275,24272,True
1741365217965412359,23,23,22827,20694,True
1741365217996584541,20,18,21314,19814,True
1741365218028328663,30,18,19006,18001,True
1741365218060212747,25,20,16155,15967,True
1741365218093934243,20,22,13822,14534,True
1741365218126426138,19,23,11488,12038,True
1741365218156919028,21,20,12001,10469,True
1741365218190690135,30,29,7641,8537,True
1741365218218391861,29,21,7346,6667,True
1741365218254471285,50,37,4643,4041,True
1741365218285440079,10,48,2886,2163,True
1741365218316203819,49,60,0,0,True
1741365218352304354,0,0,0,0,True
1741365218378674756,0,0,0,0,True
1741365218412841027,1,0,0,0,True
1741365218444928517,0,0,0,0,True
1741365218475439500,0,0,0,0,True
1741365218511590164,0,0,0,0,True
1741365218540457029,0,0,0,0,True
1741365218572846035,0,0,0,0,True
1741365218605811167,0,0,0,0,True
1741365218635521859,0,0,0,0,True
1741365218668604360,0,0,0,0,True
1741365218702091525,0,0,0,0,True
1741365218733342873,0,0,0,0,True
1741365218767441237,0,0,0,0,True
1741365218796623137,0,0,0,0,True
1741365218828634942,118,148,5030,5030,True
1741365218860626989,308,195,8335,9011,True
1741365218894717816,270,273,11667,12212,True
1741365218923623551,215,210,11632,12995,True
1741365218957147679,220,175,13643,14138,True
1741365218990433678,201,198,17460,16430,True
1741365219021724600,230,216,17862,18810,True
1741365219054145050,222,218,20098,20829,True
1741365219083622485,195,197,21432,22345,True
1741365219116360637,183,214,25523,24159,True
1741365219149274306,151,197,27637,25992,True
1741365219179910844,238,220,27900,28527,True
1741365219213203528,189,177,30905,29975,True
1741365219245326111,247,195,31145,32306,True
1741365219275667798,152,184,32767,32700,True
1741365219309341388,56,121,31609,31419,True
1741365219340874104,72,41,28192,28688,True
1741365219372513486,22,20,24558,25005,True
1741365219405506470,24,23,23207,21505,True
1741365219435926638,16,21,20718,19773,True
1741365219468681938,26,23,19741,18689,True
1741365219502314991,20,19,17338,17068,True
1741365219532831992,31,22,15495,14300,True
1741365219565138906,24,23,12304,12424,True
1741365219596633326,21,20,11380,10808,True
1741365219628458522,29,19,9703,8918,True
1741365219660977731,16,34,7550,7029,True
1741365219695545944,15,30,5699,4753,True
1741365219722425675,13,41,3749,2572,True
1741365219756648557,38,27,596,394,True
1741365219789030600,18,16,0,0,True
1741365219819971913,0,0,0,0,True
1741365219855630970,0,0,0,0,True
1741365219882737829,0,0,0,0,True
1741365219917790520,0,0,0,0,True
1741365219949138941,0,0,0,0,True
1741365219980342567,142,105,4987,-5030,True
1741365220012365576,273,112,8178,-8268,True
1741365220041030090,318,321,12569,-12478,True
1741365220075964004,234,222,13357,-13452,True
1741365220110023758,112,162,11117,-12179,True
1741365220140439241,87,54,9691,-10477,True
1741365220172888951,32,66,10196,-9907,True
1741365220203280564,24,56,9733,-9708,True
1741365220236847673,28,59,9919,-9614,True
1741365220270526855,77,65,9765,-9683,True
1741365220301729573,94,87,10216,-10042,True
1741365220332677960,116,99,11459,-10277,True
1741365220363556070,102,84,11377,-10225,True
1741365220397543843,85,86,11243,-10112,True
1741365220429851516,145,76,10671,-9702,True
1741365220461201808,95,55,8782,-8157,True
1741365220494329234,26,15,5283,-4473,True
1741365220523141193,69,62,2230,-1670,True
1741365220557813645,68,73,0,0,True
1741365220589153881,0,0,0,0,True
1741365220620603913,0,1,0,0,True
1741365220654818424,0,0,0,0,True
1741365220690591443,0,0,0,0,True
1741365220716947752,0,0,0,0,True
1741365220749938569,0,0,0,0,True
1741365220779623391,0,0,0,0,True
1741365220812217822,0,0,0,0,True
1741365220844949122,0,0,0,0,True
1741365220874906146,0,0,0,0,True
1741365220910450999,0,0,0,0,True
1741365220940084378,0,0,0,0,True
1741365220972028239,0,0,0,0,True
1741365221005474608,0,0,739,739,True
1741365221034498750,162,120,6129,6085,True
1741365221068900945,158,210,7030,9660,True
1741365221102610386,288,253,11680,11489,True
1741365221133484737,230,189,13961,12999,True
1741365221163896257,245,177,15842,15184,True
1741365221198321786,201,245,15042,17726,True
1741365221228598900,253,199,18119,19417,True
1741365221262148768,256,173,21092,20949,True
1741365221293722799,117,233,23148,23255,True
1741365221323671063,211,216,25066,25165,True
1741365221358379701,166,227,27480,26808,True
1741365221389339995,191,197,29914,29167,True
1741365221419891052,197,221,31675,31350,True
1741365221456278159,151,223,32767,32767,True
1741365221483548665,181,158,31553,32767,True
1741365221516576981,66,83,30097,31046,True
1741365221551542080,112,27,27332,27521,True
1741365221580464908,14,12,24799,24128,True
1741365221612401177,15,23,19855,21651,True
1741365221645595510,16,20,20418,20336,True
1741365221675908124,17,24,20061,18321,True
1741365221710478133,23,19,16170,16131,True
1741365221740338917,21,20,14933,14301,True
1741365221772424592,23,28,13676,12021,True
1741365221805058911,20,26,9763,10462,True
1741365221835876281,20,35,10053,8434,True
1741365221866576799,16,22,7381,6423,True
1741365221901215734,20,42,5118,4171,True
1741365221932943060,18,42,2995,2041,True
1741365221965571638,29,34,761,236,True
1741365221997334167,13,7,0,0,True
1741365222026892861,0,0,0,0,True
1741365222060300989,0,2,0,0,True
1741365222094895757,0,0,0,0,True
1741365222126072032,0,0,0,0,True
1741365222156694458,0,0,0,0,True
1741365222191339281,0,0,0,0,True
1741365222220722865,0,0,0,0,True
1741365222254101327,0,0,0,0,True
1741365222284049073,0,0,0,0,True
1741365222315922287,0,0,0,0,True
1741365222350843145,0,0,0,0,True
1741365222377725154,0,0,0,0,True
1741365222412906881,0,0,0,0,True
1741365222446363879,0,0,0,0,True
1741365222475420391,0,0,0,0,True
1741365222512129977,0,0,-1026,1035,True
1741365222539315429,105,246,-6601,6668,True
1741365222572905222,150,274,-9676,9529,True
1741365222605411061,344,202,-14846,11524,True
1741365222636342022,261,227,-16073,13762,True
1741365222668828435,153,89,-12734,10662,True
1741365222699545787,67,61,-10104,10213,True
1741365222732768528,58,70,-10638,9806,True
1741365222763823896,59,60,-11234,9585,True
1741365222796825231,54,62,-11023,9651,True
1741365222828704037,96,73,-10811,9802,True
1741365222859744738,114,76,-11185,9771,True
1741365222894615745,97,68,-11640,9665,True
1741365222923520943,108,85,-11902,9894,True
1741365222957248366,115,78,-12033,9586,True
1741365222989679242,107,71,-10527,10085,True
1741365223019387620,63,25,-8227,7471,True
1741365223054765715,13,19,-5429,3839,True
1741365223083794931,62,139,-696,0,True
1741365223117747926,63,41,0,0,True
1741365223150633577,0,0,0,0,True
1741365223179799477,110,163,5241,5241,True
1741365223213488825,125,155,7545,7127,True
1741365223245087041,223,259,10510,12895,True
1741365223276317333,222,210,12188,12918,True
1741365223309655111,183,188,14353,14834,True
1741365223340550628,209,185,17550,16268,True
1741365223372687006,177,191,19040,18669,True
1741365223404925199,202,201,19767,20548,True
1741365223439370190,231,200,22084,22374,True
1741365223468954772,233,197,24267,24816,True
1741365223501072688,166,189,27940,26219,True
1741365223534835165,209,220,29057,28619,True
1741365223565582276,205,176,30351,29933,True
1741365223596773069,243,201,30313,32551,True
1741365223628869503,178,178,30659,32767,True
1741365223660720143,61,125,31092,31593,True
1741365223695109672,38,35,26943,28149,True
1741365223725901967,52,19,25434,25140,True
1741365223756924650,21,23,23281,21683,True
1741365223789287749,19,20,19691,20010,True
1741365223820126767,22,19,20135,18281,True
1741365223858067677,29,20,17178,16417,True
1741365223882824739,22,22,15877,14748,True
1741365223917562783,26,20,13705,12709,True
1741365223950810820,45,23,10779,10691,True
1741365223979646463,24,18,9927,9369,True
1741365224013763198,50,23,4531,6789,True
1741365224045772688,43,30,4398,4836,True
1741365224075902878,11,50,3400,2831,True
1741365224109868372,17,36,381,1033,True
1741365224145287264,12,9,0,82,True
1741365224171595333,0,0,0,0,True
1741365224205392366,0,0,0,0,True
1741365224237699299,0,0,0,0,True
1741365224269468865,0,0,0,0,True
1741365224301037711,0,0,0,0,True
1741365224332647185,170,168,5950,5950,True
1741365224363915070,136,169,9015,8211,True
1741365224396620370,249,317,12211,10963,True
1741365224430070628,148,204,12261,13045,True
1741365224459687284,177,213,14491,14855,True
1741365224494198720,216,177,17652,16639,True
1741365224522928400,157,216,18731,18315,True
1741365224556747804,194,210,19272,20204,True
1741365224589372049,165,189,23883,22437,True
1741365224619646052,228,195,23817,24665,True
1741365224655461663,283,206,27290,26722,True
1741365224684053993,186,203,30442,28702,True
1741365224717185753,188,174,30224,30019,True
1741365224749442316,129,192,32767,32439,True
1741365224781076828,193,188,31368,32767,True
1741365224813489630,142,83,30049,30762,True
1741365224847171034,50,26,28003,27838,True
1741365224875059444,45,17,25110,25501,True
1741365224909492342,15,24,20891,21241,True
1741365224940452081,21,20,19785,19909,True
1741365224973257121,32,18,16961,17827,True
1741365225005296612,31,21,16588,16864,True
1741365225035518578,20,19,15897,14921,True
1741365225069956977,20,22,13714,12693,True
1741365225100935586,33,22,11084,10900,True
1741365225132092083,25,21,8428,8560,True
1741365225164568514,44,28,5351,6849,True
1741365225199208004,67,25,3563,5186,True
1741365225229242379,11,30,2902,2546,True
1741365225260810799,42,42,1293,362,True
1741365225293846449,13,0,0,0,True
1741365225323539419,0,0,0,0,True
1741365225358492110,0,1,0,0,True
1741365225389209388,0,0,0,0,True
1741365225420226274,0,0,0,0,True
1741365225454450064,0,0,733,-739,True
1741365225485523061,143,133,6215,-6277,True
1741365225516144709,373,119,8998,-7220,True
1741365225549979761,231,336,12587,-13154,True
1741365225580248079,171,236,12565,-14075,True
1741365225612816176,106,109,11416,-11125,True
1741365225645123998,68,58,11283,-10138,True
1741365225675926904,65,53,11031,-10000,True
1741365225710064046,75,53,9634,-9522,True
1741365225741071840,61,63,9438,-9597,True
1741365225772778629,70,87,9457,-9719,True
1741365225805556225,65,111,9443,-10301,True
1741365225836106171,66,88,9603,-9971,True
1741365225869009488,78,93,9388,-10134,True
1741365225901334569,51,66,9218,-9667,True
1741365225932765304,41,79,10051,-9865,True
1741365225964085929,24,44,8411,-7552,True
1741365225997479780,23,14,4934,-5150,True
1741365226030703447,66,87,1074,-517,True
1741365226060624045,36,55,0,0,True
1741365226094626817,0,0,0,0,True
1741365226125295114,0,0,0,0,True
1741365226157456863,0,0,591,591,True
1741365226191011842,195,156,7355,6926,True
1741365226220505499,200,185,8150,8365,True
1741365226254683122,211,190,12327,10998,True
1741365226283982021,163,215,13490,13737,True
1741365226315858345,160,196,14763,14924,True
1741365226351214497,214,207,15879,17539,True
1741365226380678950,194,223,20353,19410,True
1741365226412831328,202,192,20850,21058,True
1741365226449831338,249,199,21435,22580,True
1741365226475362431,153,201,25259,24674,True
1741365226510923211,174,190,28112,27086,True
1741365226541602322,212,213,28978,28908,True
1741365226574230808,233,218,29917,30938,True
1741365226605482656,215,205,31771,32767,True
1741365226637634275,124,171,32767,32767,True
1741365226669033085,76,78,28859,30069,True
1741365226701693200,24,29,28345,27520,True
1741365226733850023,12,12,23611,23588,True
1741365226765001019,24,27,22621,20674,True
1741365226797816171,29,20,20633,19422,True
1741365226829648829,21,23,18634,17537,True
1741365226861775245,31,20,17468,15968,True
1741365226894813524,21,24,12617,13859,True
1741365226923744315,20,23,12184,12369,True
1741365226958766950,26,30,11293,9958,True
1741365226989750096,20,22,7821,8145,True
1741365227018925514,20,40,5235,6161,True
1741365227055140067,34,29,3455,4195,True
1741365227083859840,21,42,2054,1610,True
1741365227116237402,30,57,0,0,True
1741365227149486199,0,3,0,0,True
1741365227179538592,163,135,5241,5241,True
1741365227213821622,119,108,8008,7047,True
1741365227247427990,329,249,11936,10982,True
1741365227276210707,215,193,12940,12776,True
1741365227309674539,168,195,13480,14702,True
1741365227340241392,120,172,16691,16268,True
1741365227372928822,139,208,17463,18810,True
1741365227405314402,255,192,19426,20644,True
1741365227436107698,205,193,20965,22230,True
1741365227469485734,202,181,24612,24778,True
1741365227501704149,221,204,26638,26021,True
1741365227533125699,153,189,29960,27932,True
1741365227564336603,177,190,31253,30068,True
1741365227597004681,226,197,31312,32439,True
1741365227629120448,182,173,31646,32767,True
1741365227662636761,47,98,31317,31269,True
1741365227694988897,44,30,27596,27947,True
1741365227724203260,35,16,24369,25063,True
1741365227757376668,27,28,23179,21039,True
1741365227789863266,19,19,19893,19768,True
1741365227820131788,24,21,19855,18446,True
1741365227856237841,20,22,15365,15862,True
1741365227882804871,25,23,15648,14485,True
1741365227916207314,42,21,12884,13053,True
1741365227949482036,29,29,10419,10381,True
1741365227979725725,22,28,9575,8767,True
1741365228011972899,21,26,6826,6172,True
1741365228045662803,18,32,4546,4564,True
1741365228076531839,17,33,3487,2376,True
1741365228110463315,50,49,0,0,True
1741365228141290610,8,3,0,0,True
1741365228172508255,0,0,0,0,True
1741365228205724014,0,0,0,0,True
1741365228236900196,0,0,0,0,True
1741365228270438342,0,0,0,0,True
1741365228302012762,0,0,0,0,True
1741365228333649310,118,179,-6245,6309,True
1741365228363779870,277,103,-13250,6968,True
1741365228397652995,260,252,-15116,11222,True
1741365228429115823,205,198,-14856,12970,True
1741365228460201672,103,133,-13282,11576,True
1741365228495878099,98,43,-12648,10010,True
1741365228522554276,76,44,-10772,9406,True
1741365228557058934,101,56,-10564,9447,True
1741365228589637513,94,45,-9449,9435,True
1741365228620678584,94,57,-10300,9690,True
1741365228654360655,97,81,-10982,9468,True
1741365228683027596,81,85,-10945,9463,True
1741365228716433428,82,83,-10020,9442,True
1741365228751147028,97,57,-10178,9393,True
1741365228781534734,76,58,-10563,9394,True
1741365228812733805,29,45,-9235,7957,True
1741365228848194992,13,13,-5127,4659,True
1741365228874577468,37,72,-2842,1468,True
1741365228910328728,76,75,0,0,True
1741365228940479047,0,0,0,0,True
1741365228972869497,0,0,0,0,True
1741365229004615304,1,0,0,0,True
1741365229034562439,0,0,0,0,True
1741365229069323910,60,78,3276,3276,True
1741365229101079976,288,216,9499,9472,True
1741365229138942036,281,308,11166,11742,True
1741365229165586065,264,196,12580,12105,True
1741365229197320076,272,177,14727,13495,True
1741365229229593046,151,202,15257,15864,True
1741365229260353471,204,168,19272,17365,True
1741365229296537858,225,195,21287,19320,True
1741365229324478877,188,190,23042,21583,True
1741365229358113652,262,192,24012,23521,True
1741365229389973144,182,193,26886,25416,True
1741365229420447164,199,186,29067,27163,True
1741365229457531081,230,200,30190,29291,True
1741365229483729910,251,177,30422,30844,True
1741365229516387951,174,210,32767,32767,True
1741365229549646321,139,141,32767,32767,True
1741365229579968380,99,42,28119,28929,True
1741365229613596599,68,22,25424,26283,True
1741365229645464257,28,18,23612,22705,True
1741365229675871185,29,19,22407,20797,True
1741365229709866254,30,16,18413,18828,True
1741365229741106250,36,20,17981,17129,True
1741365229774092344,22,19,13288,14864,True
1741365229805180823,25,20,12597,13436,True
1741365229839160484,21,24,12984,11329,True
1741365229867131726,23,21,9775,9426,True
1741365229901622180,23,18,7937,7430,True
1741365229932509086,22,33,4969,5554,True
1741365229965961863,30,37,3476,3477,True
1741365229996810510,74,41,0,1349,True
1741365230027377900,72,109,6927,7355,True
1741365230060660418,138,153,8874,10031,True
1741365230094693338,384,262,13962,14277,True
1741365230123622555,274,219,14786,15109,True
1741365230157144386,154,203,16488,16778,True
1741365230190868679,159,203,18923,19622,True
1741365230220540779,193,167,20533,21029,True
1741365230254659847,232,211,23497,22911,True
1741365230283831524,154,180,23229,24935,True
1741365230317154727,232,210,27270,26780,True
1741365230351145037,279,205,28458,29713,True
1741365230380645842,186,208,31174,31248,True
1741365230412852461,234,197,31837,32767,True
1741365230445609834,194,181,32767,32767,True
1741365230478516337,158,126,32767,32767,True
1741365230510973269,51,116,32515,31413,True
1741365230542784335,139,58,28486,29052,True
1741365230572812932,69,19,26241,25940,True
1741365230605232216,20,20,24646,22973,True
1741365230637183077,24,20,23270,21299,True
1741365230669443899,19,17,18891,19110,True
1741365230701590148,30,18,18608,17436,True
1741365230733028642,21,20,15167,15497,True
1741365230763786401,24,20,13273,13654,True
1741365230797626230,22,25,10888,11383,True
1741365230828943189,38,22,10553,9945,True
1741365230859317450,23,29,7281,8110,True
1741365230894350252,36,20,6487,5949,True
1741365230924593070,48,51,2901,3511,True
1741365230956934355,42,50,1900,1003,True
1741365230989577878,35,37,0,0,True
1741365231019178071,5,0,0,0,True
1741365231054439260,0,0,0,0,True
1741365231085484350,0,0,0,0,True
1741365231116244683,0,0,0,0,True
1741365231153780485,0,0,0,0,True
1741365231180128220,126,126,5191,-5241,True
1741365231214492397,103,204,7430,-9417,True
1741365231249432311,379,173,11404,-11363,True
1741365231276137433,232,228,13174,-13363,True
1741365231310717793,121,121,10988,-11562,True
1741365231340856927,96,58,9651,-10305,True
1741365231374122890,42,87,9218,-10232,True
1741365231405804160,22,73,9639,-9745,True
1741365231435829295,29,87,9782,-9935,True
1741365231469073906,81,103,9633,-10485,True
1741365231504437891,77,70,9661,-9881,True
1741365231534411563,83,93,10659,-10108,True
1741365231565333672,94,111,10865,-10284,True
1741365231597816233,87,80,10835,-9852,True
1741365231629479374,115,102,10254,-10325,True
1741365231662744763,105,76,8926,-8707,True
1741365231695072233,18,14,5465,-5100,True
1741365231725555586,123,53,1138,-1986,True
1741365231757168542,54,74,0,0,True
1741365231791391591,0,0,0,0,True
1741365231820015310,0,0,0,0,True
1741365231855649181,0,0,0,0,True
1741365231884495898,0,0,0,0,True
1741365231916851460,37,63,2546,2546,True
1741365231955273849,338,199,9671,9418,True
1741365231980835016,245,219,10594,10337,True
1741365232016589646,201,172,11771,11764,True
1741365232046062877,141,182,13323,13816,True
1741365232076117770,135,192,15800,16072,True
1741365232110781019,179,200,15980,17299,True
1741365232141678999,249,201,21021,19300,True
1741365232173070939,238,203,21078,21724,True
1741365232206490956,171,202,23821,23662,True
1741365232237309381,186,199,25850,25218,True
1741365232269423704,214,217,27388,27148,True
1741365232301325306,206,216,29300,29200,True
1741365232333020688,146,188,32767,31746,True
1741365232363607152,201,197,32112,32767,True
1741365232398394233,121,167,32767,32767,True
1741365232429865783,55,37,29350,28647,True
1741365232461407555,50,21,26191,26330,True
1741365232496387857,19,23,22067,21803,True
1741365232522623945,16,27,21263,20227,True
1741365232557626636,19,19,18408,18711,True
1741365232589974013,27,19,16462,17039,True
1741365232620510718,20,19,15173,15159,True
1741365232655994683,23,23,14777,13725,True
1741365232684056628,28,45,12553,10884,True
1741365232717435016,20,18,10961,10082,True
1741365232749906855,29,41,8185,7019,True
1741365232780127525,78,28,5642,5497,True
1741365232812888343,60,36,3779,3516,True
1741365232848065755,52,59,1683,1396,True
1741365232878103260,23,50,0,0,True
1741365232910073417,29,37,1701,1701,True
1741365232941041453,191,243,6536,6771,True
1741365232972778223,144,185,8966,9010,True
1741365233004333772,222,229,10664,11425,True
1741365233034499165,177,172,12697,12735,True
1741365233069505004,160,193,15289,14933,True
1741365233103594590,219,169,16909,16722,True
1741365233134001796,242,207,20185,18843,True
1741365233164330373,169,230,21759,21296,True
1741365233197643835,239,195,22908,22069,True
1741365233229305606,146,181,26037,24712,True
1741365233261516947,215,198,26540,27031,True
1741365233294983260,174,203,29693,28699,True
1741365233325333467,172,208,30260,30607,True
1741365233360153474,215,203,30942,32640,True
1741365233389974073,166,166,31249,32767,True
1741365233426914768,57,60,29963,29573,True
1741365233458604687,33,21,25522,27180,True
1741365233484482185,12,12,25310,24029,True
1741365233516208825,24,16,22754,21874,True
1741365233551208202,24,18,18986,19297,True
1741365233580323231,36,18,18907,18088,True
1741365233613266086,22,23,14980,15802,True
1741365233645953108,25,33,14639,13854,True
1741365233677525305,25,24,11680,12160,True
1741365233710425141,20,25,9686,10143,True
1741365233740601997,40,30,9045,8115,True
1741365233773609221,22,37,6726,6000,True
1741365233805357824,12,14,4601,4750,True
1741365233835637531,36,42,2117,2304,True
1741365233866996989,39,55,0,0,True
1741365233901547295,0,17,0,0,True
1741365233933625692,0,0,0,0,True
1741365233965119520,0,0,0,0,True
1741365233997082584,0,0,0,0,True
1741365234027071182,0,0,0,0,True
1741365234060486737,0,0,0,0,True
1741365234094862673,0,0,0,0,True
1741365234123957592,0,0,0,0,True
1741365234157523701,0,0,0,0,True
1741365234192752464,0,0,0,0,True
1741365234220727558,0,0,0,0,True
1741365234255793508,0,0,0,0,True
1741365234284433671,0,0,0,0,True
1741365234316528994,0,0,0,0,True
1741365234351797183,0,0,0,0,True
1741365234380507345,0,0,0,0,True
1741365234413129387,0,0,0,0,True
1741365234451314888,0,0,0,0,True
1741365234481069710,0,0,0,0,True
1741365234511215510,0,0,0,0,True
1741365234542529876,0,0,0,0,True
1741365234573739613,0,0,0,0,True
1741365234605319070,0,0,0,0,True
1741365234637299653,0,0,0,0,True
1741365234668774295,0,0,0,0,True
1741365234701709094,0,0,0,0,True
1741365234733055497,0,0,0,0,True
1741365234764372974,0,0,0,0,True
1741365234797269884,0,0,0,0,True
1741365234830060331,0,0,0,0,True
1741365234858894030,0,0,0,0,True
1741365234895670893,0,0,0,0,True
1741365234924031503,0,0,0,0,True
1741365234956962227,0,0,0,0,True
1741365234992503340,0,0,0,0,True
1741365235019932123,0,0,0,0,True
1741365235054561521,0,0,0,0,True
1741365235086388920,0,0,0,0,True
1741365235116470721,0,0,0,0,True
1741365235150397197,0,0,0,0,True
1741365235179470653,0,0,0,0,True
1741365235215544892,0,0,0,0,True
1741365235245218770,0,0,0,0,True
1741365235277682516,53,110,-4197,4237,True
1741365235310304503,283,186,-12228,6431,True
1741365235340692634,248,345,-12441,12584,True
1741365235373268287,231,209,-12678,12609,True
1741365235405871514,179,137,-11420,11606,True
1741365235439520419,57,59,-10965,10272,True
1741365235469030409,75,45,-12009,9369,True
1741365235503029144,59,26,-11354,9095,True
1741365235534210307,97,43,-11856,8981,True
1741365235565314804,105,72,-11967,9397,True
1741365235597705699,93,79,-11741,9256,True
1741365235629296712,119,58,-10666,9642,True
1741365235661034260,141,51,-11016,9524,True
1741365235695161161,121,70,-10738,9456,True
1741365235725985586,107,74,-10536,9517,True
1741365235757789374,142,72,-10389,8743,True
1741365235790039622,19,13,-6217,5436,True
1741365235820429791,9,74,-3405,1766,True
1741365235857184080,75,83,0,0,True
1741365235884361494,0,19,0,0,True
1741365235916810593,0,0,0,0,True
1741365235952585963,0,0,0,0,True
1741365235981457051,0,0,0,0,True
1741365236015565304,0,0,0,0,True
1741365236045232422,0,0,0,0,True
1741365236076658324,0,0,0,0,True
1741365236111249241,0,0,0,0,True
1741365236140873822,0,0,0,0,True
1741365236175924791,0,0,0,0,True
1741365236205508947,0,0,0,0,True
1741365236238330913,0,0,0,0,True
1741365236269309911,0,0,0,0,True
1741365236301710269,0,0,0,0,True
1741365236333666316,0,0,0,0,True
1741365236365621918,0,0,0,0,True
1741365236397258707,0,0,0,0,True
1741365236429786471,0,0,0,0,True
1741365236460482749,0,0,0,0,True
1741365236496330749,0,0,0,0,True
1741365236525851943,0,0,0,0,True
1741365236556972865,0,0,0,0,True
1741365236589536278,0,0,0,0,True
1741365236620781700,0,0,0,0,True
1741365236656022630,0,0,0,0,True
1741365236682852028,0,0,0,0,True
1741365236716675746,0,0,0,0,True
1741365236749758247,0,0,0,0,True
1741365236780631246,0,0,0,0,True
1741365236813704618,0,0,0,0,True
1741365236846063513,0,0,0,0,True
1741365236877127029,0,0,0,0,True
1741365236909716330,0,0,0,0,True
1741365236941414267,0,0,0,0,True
1741365236973257148,78,115,4058,4058,True
1741365237004187979,249,245,8440,7621,True
1741365237037092445,294,346,11939,11489,True
1741365237069750838,147,186,11172,12572,True
1741365237101771440,157,164,13418,13855,True
1741365237133245434,215,186,16651,15584,True
1741365237164204321,222,184,17328,17580,True
1741365237197871096,248,190,19316,19161,True
1741365237230459304,229,173,22096,21841,True
1741365237260930806,158,188,25115,23471,True
1741365237295115503,164,204,27000,25806,True
1741365237324368902,226,207,27204,27792,True
1741365237358648154,228,208,28891,29571,True
1741365237389750521,181,210,32179,31609,True
1741365237420389929,197,187,32395,32767,True
1741365237455195640,147,149,32767,32026,True
1741365237485284126,102,45,27517,28873,True
1741365237517463300,23,23,27275,25919,True
1741365237552184234,19,22,22520,21783,True
1741365237580682898,17,16,20830,20689,True
1741365237613409402,27,20,20049,18382,True
1741365237646310719,30,20,15379,16986,True
1741365237674939753,21,19,14667,15855,True
1741365237710370404,29,20,13724,12911,True
1741365237741253384,31,24,10696,11136,True
1741365237773138838,23,30,8358,9143,True
1741365237805621529,23,17,6546,7580,True
1741365237835745144,29,26,5112,5488,True
1741365237870884797,20,29,2800,3258,True
1741365237901610593,32,19,1219,935,True
1741365237933256846,15,14,0,0,True
1741365237965449612,0,0,0,0,True
1741365237997533158,0,0,0,0,True
1741365238030259495,0,0,0,0,True
1741365238060724793,19,22,1680,1680,True
1741365238095377931,245,264,8561,8561,True
1741365238125339770,175,214,9113,9419,True
1741365238157369612,265,191,11544,11350,True
1741365238190576705,201,172,14148,13103,True
1741365238221534666,232,200,14932,15674,True
1741365238257479294,209,202,18092,17095,True
1741365238283979343,172,182,19240,18495,True
1741365238316510478,216,204,20183,20990,True
1741365238352234257,212,201,24228,23258,True
1741365238380986122,264,191,24051,24944,True
1741365238414440751,218,172,25891,26621,True
1741365238451354391,210,202,27712,28474,True
1741365238476910891,257,202,30048,30699,True
1741365238511614417,207,192,31532,32767,True
1741365238542824729,114,157,32767,32767,True
1741365238574471425,69,62,28615,29866,True
1741365238605337369,46,24,29121,26951,True
1741365238637346507,17,19,23555,23103,True
1741365238670720877,27,22,22924,21072,True
1741365238702140482,16,20,19666,19189,True
1741365238733006926,31,20,18025,17928,True
1741365238764490457,24,24,17647,15711,True
1741365238797411959,27,19,15190,14047,True
1741365238829107026,38,20,12052,11918,True
1741365238862713061,74,27,10267,9846,True
1741365238897097552,24,22,7455,8279,True
1741365238924434780,22,19,6601,6205,True
1741365238958152999,25,46,4818,4287,True
1741365238991241037,19,45,2923,2144,True
1741365239019511499,42,38,0,0,True
1741365239055238963,0,0,0,0,True
1741365239084822841,0,0,0,0,True
1741365239116861369,0,0,0,0,True
1741365239152318260,0,0,0,0,True
1741365239179738913,0,0,0,0,True
1741365239213585817,0,0,0,0,True
1741365239246948094,0,0,0,0,True
1741365239276295307,107,75,4197,-4237,True
1741365239311099259,164,182,7660,-6750,True
1741365239340339954,280,322,11371,-12045,True
1741365239374986222,223,241,13820,-13430,True
1741365239405922813,114,138,12056,-11840,True
1741365239437611435,109,68,10710,-10429,True
1741365239469275836,86,63,9121,-10130,True
1741365239504498044,89,63,9159,-9849,True
1741365239534484808,30,93,7759,-10336,True
1741365239565908469,48,108,8001,-10391,True
1741365239597977978,55,70,7904,-9944,True
1741365239630840684,35,85,10015,-9854,True
1741365239661200909,50,95,10216,-9945,True
1741365239695159034,81,70,9948,-9812,True
1741365239725313704,59,90,9816,-10160,True
1741365239757404639,59,88,9093,-9322,True
1741365239789605498,13,15,5422,-5461,True
1741365239820271609,43,34,2425,-2713,True
1741365239855682242,83,90,0,0,True
1741365239886450612,19,0,0,0,True
1741365239916698319,0,0,0,0,True
1741365239952165062,0,0,0,0,True
1741365239980542579,0,0,0,0,True
1741365240016166209,0,0,0,0,True
1741365240046947320,0,0,0,0,True
1741365240076183256,0,0,0,0,True
1741365240111154855,0,0,0,0,True
1741365240140926751,0,0,0,0,True
1741365240174005270,0,0,0,0,True
1741365240205974483,0,0,0,0,True
1741365240237079203,0,0,0,0,True
1741365240270083130,0,0,0,0,True
1741365240301440496,0,0,0,0,True
1741365240332972286,0,0,0,0,True
1741365240365476717,0,0,0,0,True
1741365240397830465,0,0,0,0,True
1741365240430309063,0,0,0,0,True
1741365240460913638,0,0,0,0,True
1741365240496327344,0,0,0,0,True
1741365240523540314,0,0,0,0,True
1741365240557744862,0,0,0,0,True
1741365240590461552,0,0,0,0,True
1741365240620694796,0,0,0,0,True
1741365240656692850,0,0,0,0,True
1741365240682987771,0,0,0,0,True
1741365240717428410,0,0,0,0,True
1741365240750022174,0,0,0,0,True
1741365240781048727,0,0,0,0,True
1741365240816081011,0,0,0,0,True
1741365240846082830,0,0,0,0,True
1741365240876700812,0,0,0,0,True
1741365240910817547,0,0,887,887,True
1741365240941445566,132,148,6465,6510,True
1741365240973413834,69,211,6266,9692,True
1741365241004427128,367,240,12626,11164,True
1741365241037897775,235,212,14363,13178,True
1741365241069393991,215,186,15228,14629,True
1741365241102211087,176,179,16343,16876,True
1741365241133611249,178,194,17712,19376,True
1741365241164014121,195,231,19023,21166,True
1741365241197512008,190,201,21354,22479,True
1741365241229501592,208,194,23806,24679,True
1741365241261888857,148,189,27627,26631,True
1741365241295289134,190,215,28779,28416,True
1741365241323630095,204,211,29444,30544,True
1741365241357814459,242,189,31573,32454,True
1741365241390760554,177,166,32767,32767,True
1741365241423348762,95,58,29309,29440,True
1741365241458840487,37,21,25463,26985,True
1741365241483871880,23,14,26351,24010,True
1741365241516426218,31,26,22035,20853,True
1741365241551233262,24,21,19767,19007,True
1741365241580799789,22,25,17939,17280,True
1741365241613439830,22,20,14616,15554,True
1741365241649721049,21,22,12563,13909,True
1741365241678490804,23,27,11077,12139,True
1741365241710352129,45,29,11271,9710,True
1741365241741144961,18,19,7978,8417,True
1741365241773254155,83,47,5952,5373,True
1741365241806355434,22,27,3965,3709,True
1741365241835290706,11,9,2473,2932,True
1741365241869505310,35,40,0,0,True
1741365241903746580,0,0,0,0,True
1741365241935105150,191,194,6309,6309,True
1741365241964719435,115,125,6910,6511,True
1741365241996420039,291,295,12983,12872,True
1741365242030479441,216,189,12322,13057,True
1741365242061374106,126,162,13425,14315,True
1741365242094588902,242,197,17867,16850,True
1741365242125253810,236,214,18277,18960,True
1741365242157376263,253,182,19437,20200,True
1741365242190984149,144,203,23487,22699,True
1741365242220660064,211,198,24477,24446,True
1741365242256638525,228,229,27367,26886,True
1741365242285754870,191,250,30213,28593,True
1741365242316326204,169,230,31875,30382,True
1741365242350616326,95,199,32767,32610,True
1741365242380758275,194,191,31902,32767,True
1741365242421718664,141,111,30018,31054,True
1741365242445938136,35,30,27542,28222,True
1741365242476397194,58,23,25652,26018,True
1741365242511155127,19,17,21679,23063,True
1741365242543057655,15,19,19589,20453,True
1741365242574633630,19,18,17662,18828,True
1741365242606364216,30,22,18150,17199,True
1741365242638002486,37,20,16632,15347,True
1741365242670508510,26,21,12787,12782,True
1741365242704091471,24,20,12069,11019,True
1741365242733639127,30,23,9751,8966,True
1741365242764776328,27,21,6795,6931,True
1741365242797690701,17,29,5490,5476,True
1741365242828858734,33,18,2031,3320,True
1741365242861299999,29,23,832,851,True
1741365242895310383,1,0,0,0,True
1741365242925750385,0,0,0,0,True
1741365242958355852,0,0,0,0,True
1741365242991097319,0,0,0,0,True
1741365243021195212,0,0,0,0,True
1741365243053959364,0,0,0,0,True
1741365243084374681,0,0,0,0,True
1741365243117148740,0,0,0,0,True
1741365243152146894,0,0,0,0,True
1741365243179603343,0,0,0,0,True
1741365243214501479,0,0,0,0,True
1741365243245800919,0,0,0,0,True
1741365243277204470,0,0,0,0,True
1741365243310818078,0,0,0,0,True
1741365243342835865,0,0,0,0,True
1741365243374568543,0,0,0,0,True
1741365243405887594,0,0,0,0,True
1741365243438211489,0,0,0,0,True
1741365243469381245,0,0,0,0,True
1741365243503424517,0,0,0,0,True
1741365243533441911,0,0,0,0,True
1741365243567086038,0,0,0,0,True
1741365243597424392,0,0,0,0,True
1741365243629408512,119,103,4989,-5030,True
1741365243661110505,261,303,6101,-12033,True
1741365243696901857,298,300,12796,-12404,True
1741365243725868055,201,214,13679,-13310,True
1741365243757999211,70,149,10929,-12214,True
1741365243790382051,99,89,10487,-10583,True
1741365243820103335,108,78,10452,-10528,True
1741365243855831558,74,115,8709,-10715,True
1741365243884681868,85,88,8797,-10111,True
1741365243917026319,88,109,8829,-10525,True
1741365243951076665,34,106,8511,-10443,True
1741365243980674580,29,83,8537,-10011,True
1741365244014005154,19,95,9417,-10354,True
1741365244045788998,37,124,9864,-10781,True
1741365244076685422,38,77,9803,-9847,True
1741365244110061903,21,71,7789,-8933,True
1741365244144035823,48,17,5084,-5785,True
1741365244173836997,108,19,887,-2152,True
1741365244206561686,53,89,0,0,True
1741365244237519610,0,4,0,0,True
1741365244270390390,0,0,0,0,True
1741365244304902436,0,0,0,0,True
1741365244332269090,0,0,0,0,True
1741365244366139808,0,0,0,0,True
1741365244400303616,0,0,0,0,True
1741365244434959828,178,121,5030,5030,True
1741365244468311513,135,168,6585,6543,True
1741365244496195181,261,350,12224,11471,True
1741365244525495358,188,201,11844,12540,True
1741365244557730143,141,189,13001,14103,True
1741365244590226704,184,195,16778,16202,True
1741365244620823501,128,219,17732,18491,True
1741365244656341188,137,158,21248,20065,True
1741365244683221438,135,196,23020,22307,True
1741365244717628041,165,177,24429,23913,True
1741365244751301130,196,195,26940,26134,True
1741365244781102285,156,204,29096,27766,True
1741365244814380822,258,181,29864,29728,True
1741365244847362361,161,189,31826,31768,True
1741365244877213663,150,178,32767,32767,True
1741365244911234843,144,74,29756,30205,True
1741365244942675800,33,26,30229,27906,True
1741365244975150602,16,15,24573,23519,True
1741365245006618319,15,24,21144,20992,True
1741365245038006258,20,19,19159,19851,True
1741365245069813954,22,24,16659,17623,True
1741365245103751727,41,22,17222,16291,True
1741365245133537178,21,23,14770,14249,True
1741365245181691014,25,27,12483,11423,True
1741365245213669672,44,37,9545,9089,True
1741365245247004727,24,30,8040,7301,True
1741365245277598931,21,36,6051,5472,True
1741365245311064893,14,40,5898,5232,True
1741365245343029254,95,142,10796,10309,True
1741365245373363849,185,217,14277,14348,True
1741365245405146471,309,274,19101,17110,True
1741365245437507699,215,208,16985,17864,True
1741365245469553449,163,182,19412,20068,True
1741365245502910022,161,202,22442,22416,True
1741365245533997112,257,190,23227,24124,True
1741365245564725186,182,169,28181,25995,True
1741365245598405534,175,203,29166,28133,True
1741365245629811381,209,200,29595,30540,True
1741365245661986630,184,175,32240,31860,True
1741365245695945458,175,172,32767,32767,True
1741365245725373837,130,121,30178,32767,True
1741365245770810008,78,90,31613,32423,True
1741365245790598717,123,101,31047,32745,True
1741365245821276624,85,51,29575,30015,True
1741365245855041695,42,23,25720,27488,True
1741365245885248309,23,17,24935,23500,True
1741365245916279326,18,19,22321,21805,True
1741365245951981678,23,19,19162,19747,True
1741365245981276966,22,22,18332,17914,True
1741365246013894804,26,21,18017,15947,True
1741365246046688455,33,28,15850,14549,True
1741365246075325767,24,24,14438,12563,True
1741365246110335050,32,24,11514,10361,True
1741365246142973388,19,29,7999,8547,True
1741365246173459241,31,33,6877,6639,True
1741365246206467373,59,53,5260,4386,True
1741365246237999107,45,65,2518,2555,True
1741365246272318711,22,72,748,146,True
1741365246302789435,19,10,0,0,True
1741365246333633582,0,0,0,0,True
1741365246364858022,0,0,0,0,True
1741365246396989678,0,0,0,0,True
1741365246430403751,0,0,0,0,True
1741365246461096085,0,0,0,0,True
1741365246495083672,0,0,0,0,True
1741365246524611254,0,0,0,0,True
1741365246557511127,0,0,0,0,True
1741365246591714695,0,0,0,0,True
1741365246621183778,0,0,0,0,True
1741365246655407770,0,0,0,0,True
1741365246685655237,0,0,0,0,True
1741365246717087546,0,0,0,0,True
1741365246752704233,0,0,0,0,True
1741365246781328785,0,0,0,0,True
1741365246815823720,0,0,0,0,True
1741365246845899132,0,0,0,0,True
1741365246877494718,0,0,0,0,True
1741365246911130475,0,0,0,0,True
1741365246943096151,0,0,0,0,True
1741365246973538838,0,0,0,0,True
1741365247005588105,0,0,0,0,True
1741365247037775761,0,0,0,0,True
1741365247069137331,0,0,0,0,True
1741365247103124807,0,0,0,0,True
1741365247133631771,0,0,0,0,True
1741365247165170672,0,0,0,0,True
1741365247199041964,0,0,0,0,True
1741365247229456411,0,0,0,0,True
1741365247261431901,0,0,0,0,True
1741365247295359674,0,0,0,0,True
1741365247326342654,0,0,0,0,True
1741365247358851159,0,0,0,0,True
1741365247392417879,0,0,0,0,True
1741365247421869592,0,0,0,0,True
1741365247456874301,0,0,0,0,True
1741365247484839339,0,0,0,0,True
1741365247517212253,47,73,2388,2388,True
1741365247555093960,252,208,9755,9762,True
1741365247582490669,267,237,10349,10425,True
1741365247614036348,217,191,11517,11863,True
1741365247645865951,206,142,12326,12916,True
1741365247677050651,161,163,13271,15314,True
1741365247710747204,230,176,17699,17404,True
1741365247740419693,182,164,20771,19058,True
1741365247773813784,221,180,21276,21533,True
1741365247806471640,211,167,22570,23026,True
1741365247838966109,144,178,25567,24486,True
1741365247871128098,156,219,28176,27558,True
1741365247901262102,156,186,29539,29112,True
1741365247933973865,274,187,32204,31296,True
1741365247965971782,121,199,32767,32767,True
1741365247999587187,174,160,32767,32767,True
1741365248029617321,45,45,30332,28306,True
1741365248061069204,50,21,25529,26104,True
1741365248095629565,28,14,24071,22733,True
1741365248126221029,26,25,22323,20137,True
1741365248158024521,22,18,19954,18978,True
1741365248191218244,20,25,16162,16240,True
1741365248221474210,37,21,15959,15039,True
1741365248256523752,24,23,13977,12768,True
1741365248285147712,38,21,11157,11093,True
1741365248317218850,29,26,9857,9055,True
1741365248350600775,31,20,6623,6952,True
1741365248382299786,36,31,4008,5146,True
1741365248414538423,53,26,2071,3260,True
1741365248446630172,18,34,681,661,True
1741365248476614974,16,8,0,208,True
1741365248511924811,0,0,0,0,True
1741365248545806954,0,0,0,0,True
1741365248575066076,0,0,0,0,True
1741365248606822994,0,0,739,739,True
1741365248637968528,124,198,6309,6064,True
1741365248670031796,172,242,8978,9560,True
1741365248702415117,232,208,11658,10798,True
1741365248733683520,189,174,13557,12788,True
1741365248765318124,267,193,15749,14667,True
1741365248798028424,218,187,15643,16638,True
1741365248829975952,205,212,17266,19176,True
1741365248861620001,217,173,20382,20443,True
1741365248893050014,127,199,23292,22750,True
1741365248923988642,185,188,25282,24611,True
1741365248957746009,188,223,25419,26590,True
1741365248990765770,168,225,29851,29036,True
1741365249021185846,135,187,30691,30449,True
1741365249056557275,177,198,32767,32767,True
1741365249083371062,173,168,30945,32767,True
1741365249117724443,78,67,31662,30458,True
1741365249150688760,77,19,27212,27072,True
1741365249181184595,13,14,24999,24504,True
1741365249216845300,19,25,20627,20845,True
1741365249246518048,25,22,18714,19754,True
1741365249283127042,28,21,19463,18161,True
1741365249323956024,29,23,16362,15119,True
1741365249358195628,24,27,14861,13426,True
1741365249393774574,27,23,12338,11193,True
1741365249421314560,21,31,9375,9131,True
1741365249459009139,43,34,7129,6958,True
1741365249484206993,38,59,5683,5049,True
1741365249518149581,24,21,3447,4124,True
1741365249551533136,39,49,1021,875,True
1741365249581452308,17,37,1010,0,True
1741365249614825511,0,0,0,0,True
1741365249647352905,0,0,0,0,True
1741365249677114671,0,0,0,0,True
1741365249711001240,0,0,0,0,True
1741365249742647289,0,0,0,0,True
1741365249774945000,0,0,0,0,True
1741365249805317150,0,0,591,591,True
1741365249836263019,144,181,6129,6129,True
1741365249870688732,154,111,8202,7413,True
1741365249904519284,273,302,10873,11699,True
1741365249934137532,197,187,11791,12939,True
1741365249965693230,190,182,14663,14505,True
1741365249998399141,174,195,16745,16360,True
1741365250031024405,142,205,17928,19082,True
1741365250060979725,201,179,20048,20555,True
1741365250096182544,196,213,24623,22868,True
1741365250125946606,236,190,23844,24486,True
1741365250159036848,160,180,26645,26162,True
1741365250190787100,220,221,27798,29029,True
1741365250222575740,208,181,29264,30269,True
1741365250256022498,215,182,31493,32352,True
1741365250286128373,161,161,32767,32767,True
1741365250318860376,70,55,28297,29263,True
1741365250353125554,83,18,26051,25944,True
1741365250381410646,16,29,24994,22330,True
1741365250414356092,19,19,19835,20720,True
1741365250451574119,18,20,19668,18816,True
1741365250476801288,30,26,17566,17200,True
1741365250510700950,31,22,14841,14786,True
1741365250543713174,20,23,12184,13011,True
1741365250574022048,21,31,10487,11067,True
1741365250606247962,23,20,11324,9640,True
1741365250637957103,17,41,8168,7331,True
1741365250671181529,60,21,4870,5590,True
1741365250703712201,25,30,3741,3366,True
1741365250734789161,18,25,1594,1274,True
1741365250765299459,37,31,0,0,True
1741365250800277909,0,0,0,0,True
1741365250830528468,0,0,0,0,True
1741365250862478089,0,0,0,0,True
1741365250895852754,0,0,0,0,True
1741365250927710265,0,0,0,0,True
1741365250956747888,0,0,0,0,True
1741365250992682479,0,0,0,0,True
1741365251023064148,69,82,-3213,3244,True
1741365251054616216,270,269,-10528,10641,True
1741365251085541603,419,288,-13270,11446,True
1741365251117404262,267,170,-13716,12093,True
1741365251152386990,220,139,-14181,11624,True
1741365251181810943,124,45,-12677,10200,True
1741365251214414374,90,58,-10319,9561,True
1741365251258430370,96,52,-9225,9440,True
1741365251277096031,99,45,-9190,9580,True
1741365251312709236,42,74,-9948,9391,True
1741365251343065831,55,73,-10392,9334,True
1741365251374378957,69,55,-11155,9343,True
1741365251406521594,73,66,-11109,9509,True
1741365251438017496,109,78,-11729,9634,True
1741365251469586749,73,80,-11176,9751,True
1741365251503584243,52,77,-9535,8526,True
1741365251534117578,44,20,-6478,5076,True
1741365251565788386,19,35,-3319,2426,True
1741365251598620926,91,97,0,0,True
1741365251630052865,19,15,0,0,True
1741365251662766387,0,0,0,0,True
1741365251696265848,0,0,0,0,True
1741365251726805423,83,91,3276,3276,True
1741365251758898784,230,252,9470,9421,True
1741365251793195665,321,364,12481,11915,True
1741365251820739410,189,209,13195,11876,True
1741365251855734360,214,176,14570,14000,True
1741365251886423138,220,188,15015,15957,True
1741365251917275100,166,182,18357,17356,True
1741365251953014656,169,181,21025,19678,True
1741365251980254163,142,209,22866,21735,True
1741365252015675610,267,213,22193,23720,True
1741365252046054482,171,191,26589,25389,True
1741365252077135369,216,186,26629,26903,True
1741365252110943161,178,197,30730,29635,True
1741365252141643587,290,222,30992,31739,True
1741365252174678792,184,171,31578,32767,True
1741365252206306081,147,136,32767,31896,True
1741365252237722706,107,49,27445,28932,True
1741365252270608690,50,17,24164,25517,True
1741365252301685909,23,20,22386,21885,True
1741365252334890225,29,19,20660,20357,True
1741365252365299041,33,21,19255,18102,True
1741365252398810206,24,21,15458,16817,True
1741365252431227620,31,22,15475,14709,True
1741365252460845868,29,19,14142,12863,True
1741365252496138853,53,18,10755,10996,True
1741365252525604029,22,26,10001,8916,True
1741365252558749585,40,22,6622,7315,True
1741365252590820594,24,29,4190,5201,True
1741365252622019109,84,83,9040,8544,True
1741365252657032374,187,162,13228,12347,True
1741365252686254070,361,334,17128,17306,True
1741365252717578769,193,229,17441,18344,True
1741365252752463109,168,194,19145,20032,True
1741365252781548194,182,188,20753,21694,True
1741365252815882261,229,170,23928,23834,True
1741365252848323415,243,191,26336,25401,True
1741365252877579573,239,193,27076,27619,True
1741365252911878880,187,197,30431,29400,True
1741365252942048940,183,196,31382,31135,True
1741365252975939028,172,175,32767,32767,True
1741365253018536034,136,140,32767,32767,True
1741365253039355532,149,117,30567,32767,True
1741365253070104772,133,103,32767,32673,True
1741365253103630603,91,102,30112,31942,True
1741365253133874736,63,42,29040,29036,True
1741365253165984670,30,25,26332,26589,True
1741365253199199726,14,16,22399,23447,True
1741365253250877648,17,20,0,0,True
1741365253339789005,0,8,0,0,True
1741365253359252660,0,0,0,0,True
1741365253390651766,0,0,0,0,True
1741365253422867033,0,0,0,0,True
1741365253456783787,0,0,0,0,True
1741365253484219329,0,0,0,0,True
1741365253517524551,0,0,0,0,True
1741365253551628563,0,0,0,0,True
1741365253581995140,0,0,0,0,True
1741365253615157011,0,0,0,0,True
1741365253645604198,0,0,0,0,True
1741365253677951945,0,0,0,0,True
1741365253711189205,0,0,0,0,True
1741365253745962471,0,0,0,0,True
1741365253774332155,0,0,0,0,True
1741365253808962978,0,0,591,591,True
1741365253837900380,169,166,6267,6267,True
1741365253870294682,207,333,9111,9891,True
1741365253902110230,265,281,11556,12522,True
1741365253934884270,248,238,12605,14054,True
1741365253965297939,249,241,15529,15802,True
1741365253998541457,210,270,17699,17708,True
1741365254030901742,197,237,19070,19842,True
1741365254062390625,335,238,21723,21899,True
1741365254095233054,276,305,25274,24097,True
1741365254126819955,278,274,25976,25924,True
1741365254158518373,187,236,27812,26845,True
1741365254192126186,230,207,28447,28882,True
1741365254221901285,306,265,31438,31892,True
1741365254255753910,224,249,32767,32767,True
1741365254285848562,214,224,32767,32767,True
1741365254316537174,129,272,30714,32767,True
1741365254352045750,211,257,32767,30970,True
1741365254381673887,229,180,28417,28439,True
1741365254415167756,181,62,28052,24927,True
1741365254446595621,145,74,23834,23401,True
1741365254476074389,122,96,22119,21746,True
1741365254511745297,33,70,18167,18656,True
1741365254544203914,33,25,14470,15800,True
1741365254574606064,36,35,13065,14152,True
1741365254606527426,31,63,10788,12736,True
1741365254639462854,21,78,10630,11270,True
1741365254670301223,92,87,10309,9528,True
1741365254703798870,41,76,7483,7280,True
1741365254735084588,75,82,5179,5358,True
1741365254766027141,82,104,2944,2788,True
1741365254798329111,5,11,1631,1757,True
1741365254831308391,0,1,0,0,True
1741365254862339296,0,0,0,0,True
1741365254896322846,0,0,0,0,True
1741365254925360377,0,0,0,0,True
1741365254958064122,0,0,591,591,True
1741365254992795259,210,222,7345,7345,True
1741365255021961400,250,182,10287,8691,True
1741365255055608360,373,368,13152,13021,True
1741365255085934288,322,349,13982,15209,True
1741365255117797909,254,335,17165,16870,True
1741365255152733527,314,283,19116,18910,True
1741365255182234536,247,284,21460,20619,True
1741365255215047928,323,263,24080,22265,True
1741365255246469163,330,293,24964,24252,True
1741365255278296007,330,290,25790,26043,True
1741365255311687506,323,268,27855,28812,True
1741365255343568312,307,288,29026,30787,True
1741365255374533051,253,332,32767,32616,True
1741365255406407912,263,266,31080,32767,True
1741365255438312348,249,245,32767,32767,True
1741365255469670491,173,205,30583,31215,True
1741365255504177464,103,138,28697,28638,True
1741365255534527281,82,73,27165,25824,True
1741365255566273496,83,74,24720,23976,True
1741365255598655465,129,54,21002,22035,True
1741365255630020553,91,55,18548,19420,True
1741365255662142598,89,78,17837,18207,True
1741365255695437375,112,101,18083,16456,True
1741365255725676045,94,95,14062,14546,True
1741365255758231606,95,74,13146,12933,True
1741365255793251945,53,115,9809,10911,True
1741365255820719857,36,120,7813,9102,True
1741365255857098594,18,53,4851,6627,True
1741365255885490703,44,37,3764,3730,True
1741365255918346206,4,9,832,1651,True
1741365255953828653,0,0,0,0,True
1741365255980244425,1,0,0,0,True
1741365256015356448,0,0,0,0,True
1741365256046592278,0,0,0,0,True
1741365256078034179,0,0,0,0,True
1741365256110483278,0,0,0,0,True
1741365256140930335,0,0,0,0,True
1741365256175059810,0,0,0,0,True
1741365256207408169,0,0,0,0,True
1741365256238367019,0,0,0,0,True
1741365256272378550,0,0,0,0,True
1741365256305451459,0,0,0,0,True
1741365256335949701,0,0,0,0,True
1741365256365600320,0,0,0,0,True
1741365256398597451,0,0,0,0,True
1741365256430259870,0,0,0,0,True
1741365256462318508,0,0,0,0,True
1741365256495995413,0,0,0,0,True
1741365256525805715,0,0,0,0,True
1741365256558381887,0,0,0,0,True
1741365256590811004,0,0,0,0,True
1741365256621340616,0,0,0,0,True
1741365256656513121,0,0,0,0,True
1741365256686043722,0,0,0,0,True
1741365256717717381,0,0,0,0,True
1741365256752000207,0,0,0,0,True
1741365256781180978,0,0,0,0,True
1741365256815513692,0,0,0,0,True
1741365256847367387,0,0,0,0,True
1741365256877508669,0,0,0,0,True
1741365256912730044,0,0,0,0,True
1741365256943457080,0,0,0,0,True
1741365256973600640,0,0,0,0,True
1741365257008025502,0,0,0,0,True
1741365257038142173,0,0,0,0,True
1741365257071369580,0,0,0,0,True
1741365257105797609,0,0,0,0,True
1741365257136553256,0,0,0,0,True
1741365257165522732,0,0,0,0,True
1741365257198268995,0,0,0,0,True
1741365257230326041,0,0,0,0,True
1741365257261783646,0,0,0,0,True
1741365257297121890,0,0,0,0,True
1741365257324325416,0,0,0,0,True
1741365257359341329,0,0,0,0,True
1741365257391045562,0,0,0,0,True
1741365257421688248,0,0,0,0,True
1741365257459659510,0,0,0,0,True
1741365257483888149,0,0,0,0,True
1741365257518378714,0,0,0,0,True
1741365257551697862,0,0,0,0,True
1741365257581599034,0,0,0,0,True
1741365257617549293,0,0,0,0,True
1741365257647821351,0,0,0,0,True
1741365257677786116,0,0,0,0,True
1741365257711617000,0,0,0,0,True
1741365257743071421,0,0,0,0,True
1741365257774851154,0,0,0,0,True
1741365257805998613,0,0,0,0,True
1741365257839128799,0,0,0,0,True
1741365257870013224,0,0,0,0,True
1741365257904450326,0,0,0,0,True
1741365257935167549,0,0,0,0,True
1741365257967007207,0,0,0,0,True
1741365257998659070,0,0,0,0,True
1741365258031707683,0,0,0,0,True
1741365258061578578,0,0,0,0,True
1741365258095857867,0,0,0,0,True
1741365258124933915,0,0,0,0,True
1741365258158718726,0,0,0,0,True
1741365258193378568,0,0,0,0,True
1741365258222378543,0,0,0,0,True
1741365258255238787,0,0,0,0,True
1741365258286221044,0,0,0,0,True
1741365258317533891,0,0,0,0,True
1741365258352802599,0,0,0,0,True
1741365258381164060,0,0,0,0,True
1741365258415234425,0,0,0,0,True
1741365258446958269,0,0,0,0,True
1741365258476185835,0,0,0,0,True
1741365258511545079,0,0,0,0,True
1741365258543701217,0,0,0,0,True
1741365258574558623,0,0,0,0,True
1741365258609907293,0,0,0,0,True
1741365258636980227,0,0,0,0,True
1741365258671027517,0,0,0,0,True
1741365258703673910,0,0,0,0,True
1741365258735154590,0,0,0,0,True
1741365258765658054,0,0,0,0,True
1741365258799449513,0,0,0,0,True
1741365258831215135,0,0,0,0,True
1741365258862114911,0,0,0,0,True
1741365258895187542,0,0,0,0,True
1741365258925810413,0,0,0,0,True
1741365258957971143,0,0,0,0,True
1741365258992828206,0,0,0,0,True
1741365259021499406,0,0,0,0,True
1741365259055734454,0,0,0,0,True
1741365259086316992,0,0,0,0,True
1741365259118031392,0,0,0,0,True
1741365259153360395,0,0,0,0,True
1741365259183095958,0,0,0,0,True
1741365259216561438,0,0,0,0,True
1741365259247084958,0,0,0,0,True
1741365259277436238,0,0,0,0,True
1741365259311606009,0,0,0,0,True
1741365259343862646,0,0,0,0,True
1741365259375468528,0,0,0,0,True
1741365259407736146,0,0,0,0,True
1741365259445044561,0,0,0,0,True
1741365259470049732,0,0,0,0,True
1741365259504106263,0,0,0,0,True
1741365259534685283,0,0,0,0,True
1741365259565780224,0,0,0,0,True
1741365259598834781,0,0,0,0,True
1741365259630243665,0,0,0,0,True
1741365259662609023,0,0,0,0,True
1741365259696103503,0,0,0,0,True
1741365259726335284,0,0,0,0,True
1741365259758815178,0,0,0,0,True
1741365259791083056,0,0,0,0,True
1741365259822065387,0,0,0,0,True
1741365259856863172,0,0,0,0,True
1741365259885512854,0,0,0,0,True
1741365259917873712,0,0,0,0,True
1741365259953731341,0,0,0,0,True
1741365259980653776,0,0,0,0,True
1741365260015017990,0,0,0,0,True
1741365260046651020,0,0,0,0,True
1741365260078085719,0,0,0,0,True
1741365260110994092,0,0,0,0,True
1741365260140987467,0,0,0,0,True
1741365260174939610,0,0,0,0,True
1741365260207039470,0,0,0,0,True
1741365260246140076,0,0,0,0,True
1741365260273031881,0,0,0,0,True
1741365260305639405,0,0,0,0,True
1741365260335458892,0,0,0,0,True
1741365260367711585,0,0,0,0,True
1741365260398531658,0,0,0,0,True
1741365260430510926,0,0,0,0,True
1741365260462048735,0,0,0,0,True
1741365260497900587,0,0,0,0,True
1741365260525449424,0,0,0,0,True
1741365260558557444,0,0,0,0,True
1741365260591586205,0,0,0,0,True
1741365260622149169,0,0,0,0,True
1741365260656514679,0,0,0,0,True
1741365260686255538,0,0,0,0,True
1741365260719084263,0,0,0,0,True
1741365260752681483,0,0,0,0,True
1741365260781198887,0,0,0,0,True
1741365260815344659,0,0,0,0,True
1741365260847336205,0,0,0,0,True
1741365260879135493,0,0,0,0,True
1741365260911020003,0,0,0,0,True
1741365260945092886,0,0,0,0,True
1741365260974972762,0,0,0,0,True
1741365261006729977,0,0,0,0,True
1741365261038409507,0,0,0,0,True
1741365261070901512,0,0,0,0,True
1741365261106318145,0,0,0,0,True
1741365261133872056,0,0,0,0,True
1741365261166220081,0,0,0,0,True
1741365261198978659,0,0,0,0,True
1741365261231814681,0,0,0,0,True
1741365261263092954,0,0,0,0,True
1741365261296915487,0,0,0,0,True
1741365261327194194,0,0,0,0,True
1741365261358680243,0,0,0,0,True
1741365261391585153,0,0,0,0,True
1741365261422522263,0,0,0,0,True
1741365261457847803,0,0,0,0,True
1741365261487343534,0,0,0,0,True
1741365261517856924,0,0,0,0,True
1741365261552452711,0,0,0,0,True
1741365261581827424,0,0,0,0,True
1741365261618219494,0,0,0,0,True
1741365261647082730,0,0,0,0,True
1741365261678739426,0,0,0,0,True
1741365261710885638,0,0,0,0,True
1741365261743414699,0,0,0,0,True
1741365261775051859,0,0,0,0,True
1741365261807182830,0,0,0,0,True
1741365261838603621,0,0,0,0,True
1741365261870842054,0,0,0,0,True
1741365261903498836,0,0,0,0,True
1741365261934893590,0,0,0,0,True
1741365261964387969,0,0,0,0,True
1741365261999366012,0,0,0,0,True
1741365262030969913,0,0,0,0,True
1741365262063043533,0,0,0,0,True
1741365262096315718,0,0,0,0,True
1741365262126026280,0,0,0,0,True
1741365262158369435,0,0,0,0,True
1741365262191196142,0,0,0,0,True
1741365262222299954,0,0,0,0,True
1741365262256433855,0,0,0,0,True
1741365262284833964,0,0,0,0,True
1741365262319393732,0,0,0,0,True
1741365262352137014,0,0,0,0,True
1741365262382024686,0,0,0,0,True
1741365262414394063,0,0,0,0,True
1741365262452492676,0,0,0,0,True
1741365262478681079,0,0,0,0,True
1741365262512167651,0,0,0,0,True
1741365262543889588,0,0,0,0,True
1741365262575339416,0,0,0,0,True
1741365262607917384,0,0,0,0,True
1741365262640134984,0,0,0,0,True
1741365262670484950,0,0,0,0,True
1741365262703673450,0,0,0,0,True
1741365262734584967,0,0,0,0,True
1741365262766128109,0,0,0,0,True
1741365262797102366,0,0,0,0,True
1741365262831464580,0,0,0,0,True
1741365262861820083,0,0,0,0,True
1741365262896690979,0,0,0,0,True
1741365262925629121,0,0,0,0,True
1741365262960190167,0,0,0,0,True
1741365262992922782,0,0,0,0,True
1741365263023927131,0,0,0,0,True
1741365263056578358,0,0,0,0,True
1741365263086094607,0,0,0,0,True
1741365263117390936,0,0,0,0,True
